id.num,usetype,data.source,m2,total.m2,ratio
64,res_total,Energy Atlas 2016,449924.676753,502565.99725300004,0.8952549102252544
65,commercial,Energy Atlas 2016,64617.845522999996,986038.2882749999,0.06553279552262019
65,res_total,Energy Atlas 2016,489518.356002,986038.2882749999,0.4964496428007635
66,commercial,Energy Atlas 2016,446130.889845,2986708.5183852836,0.14937208873874092
66,res_total,Energy Atlas 2016,1354938.415126,2986708.5183852836,0.4536560587634865
67,res_total,Energy Atlas 2016,236423.92084099998,258613.64324099998,0.9141974022641892
68,commercial,Energy Atlas 2016,671378.486883,6189058.862098457,0.10847828431467897
68,institutional,Energy Atlas 2016,144994.548227,6189058.862098457,0.023427560063282102
68,res_total,Energy Atlas 2016,2812786.133673,6189058.862098457,0.45447719860904656
69,res_total,Energy Atlas 2016,259334.172253,461535.3575863333,0.5618944854175983
70,industrial,Energy Atlas 2016,12642.426046,3717073.47775083,0.0034011773298734537
70,institutional,Energy Atlas 2016,57269.682738,3717073.47775083,0.015407196839340774
70,res_total,Energy Atlas 2016,2073120.875991,3717073.47775083,0.5577293234583645
71,res_total,Energy Atlas 2016,33616.207326,43492.406326000004,0.7729213020320755
72,commercial,Energy Atlas 2016,735155.37445,6754772.854072223,0.10883495127549696
72,res_total,Energy Atlas 2016,3167966.28716,6754772.854072223,0.468996716188634
73,res_total,Energy Atlas 2016,902956.1227289999,1686242.5961054605,0.5354841140974993
74,commercial,Energy Atlas 2016,123483.137286,1449596.2702510953,0.08518450262334806
74,industrial,Energy Atlas 2016,7083.482138,1449596.2702510953,0.00488652067018151
74,res_total,Energy Atlas 2016,686789.422329,1449596.2702510953,0.4737797940181207
75,commercial,Energy Atlas 2016,195882.166477,1214839.7948460889,0.16124115073281478
75,res_total,Energy Atlas 2016,542199.652473,1214839.7948460889,0.4463137071844874
76,res_total,Energy Atlas 2016,283347.64678999997,516008.4050783838,0.5491144020162971
77,res_total,Energy Atlas 2016,475454.421153,850611.989493,0.5589557013373283
79,commercial,Energy Atlas 2016,110943.276152,1336507.3948037077,0.08300984834303457
79,industrial,Energy Atlas 2016,221048.567244,1336507.3948037077,0.16539270048443339
79,res_total,Energy Atlas 2016,493445.08710299997,1336507.3948037077,0.36920490602707967
81,commercial,Energy Atlas 2016,333482.564934,2704306.758480691,0.12331536128000294
81,institutional,Energy Atlas 2016,16175.248427,2704306.758480691,0.005981292017362495
81,res_total,Energy Atlas 2016,1284006.881723,2704306.758480691,0.47480075168852853
82,commercial,Energy Atlas 2016,267800.32974,3286045.3078569993,0.08149623777240202
82,res_total,Energy Atlas 2016,1685849.239214,3286045.3078569993,0.5130328651230405
83,commercial,Energy Atlas 2016,24176.798011,1748704.1857002762,0.013825550489729225
83,res_total,Energy Atlas 2016,1152573.384406,1748704.1857002762,0.6591014042460515
84,commercial,Energy Atlas 2016,159365.248782,1305571.6399085554,0.1220654952287124
84,institutional,Energy Atlas 2016,13255.678749,1305571.6399085554,0.010153160764068414
84,res_total,Energy Atlas 2016,663146.166247,1305571.6399085554,0.5079354866297862
85,commercial,Energy Atlas 2016,414601.376802,4119409.1064496115,0.10064583683928684
85,res_total,Energy Atlas 2016,2154696.120298,4119409.1064496115,0.5230595128132501
86,commercial,Energy Atlas 2016,133255.139341,1282638.0263866666,0.10389146165921379
86,res_total,Energy Atlas 2016,729856.930554,1282638.0263866666,0.5690279841539454
87,commercial,Energy Atlas 2016,5346.381844,1942470.7720930283,0.0027523615391336
87,res_total,Energy Atlas 2016,1268311.941806,1942470.7720930283,0.65293746502007
88,commercial,Energy Atlas 2016,875791.750044,3640798.719198835,0.24054934578660797
88,res_total,Energy Atlas 2016,1269163.9552189999,3640798.719198835,0.3485949246593566
89,commercial,Energy Atlas 2016,1574254.2485169999,8410323.171590531,0.1871811839329454
89,institutional,Energy Atlas 2016,83240.623485,8410323.171590531,0.009897434591595821
89,res_total,Energy Atlas 2016,3182201.4422379998,8410323.171590531,0.3783685094274674
90,res_total,Energy Atlas 2016,486936.860341,959469.4786180309,0.5075063576200028
91,commercial,Energy Atlas 2016,467314.353196,5936892.971185786,0.07871362267503745
91,industrial,Energy Atlas 2016,1219175.3593,5936892.971185786,0.20535579219924727
91,res_total,Energy Atlas 2016,1695881.183863,5936892.971185786,0.2856512980937702
92,res_total,Energy Atlas 2016,139133.39085999998,177612.10635999998,0.7833553337743323
93,institutional,Energy Atlas 2016,96819.604674,4922523.227202318,0.019668694327121896
93,res_total,Energy Atlas 2016,2728366.199506,4922523.227202318,0.5542617217992587
94,commercial,Energy Atlas 2016,78833.862583,1155006.3022050953,0.06825405405363875
94,res_total,Energy Atlas 2016,594995.219634,1155006.3022050953,0.5151445654435453
96,commercial,Energy Atlas 2016,529057.686996,4080641.7965653837,0.12965060727488997
96,res_total,Energy Atlas 2016,1846054.981437,4080641.7965653837,0.45239329337625206
97,commercial,Energy Atlas 2016,657646.122841,4766026.39025437,0.1379862529057252
97,industrial,Energy Atlas 2016,645788.26263,4766026.39025437,0.13549825572735305
97,res_total,Energy Atlas 2016,1659468.503334,4766026.39025437,0.34818701523082246
98,commercial,Energy Atlas 2016,938736.784149,14439963.531563962,0.06500963676930611
98,industrial,Energy Atlas 2016,4290045.00504,14439963.531563962,0.29709527975347694
98,res_total,Energy Atlas 2016,2836467.9445,14439963.531563962,0.19643179418700293
99,res_total,Energy Atlas 2016,318874.961729,614092.581729,0.5192620318441169
100,res_total,Energy Atlas 2016,951539.374967,1692757.1222492221,0.5621239825017887
101,res_total,Energy Atlas 2016,1562195.439117,2857725.7050710535,0.5466568874489507
102,commercial,Energy Atlas 2016,107975.489817,2386725.8377363333,0.045240005412355316
102,industrial,Energy Atlas 2016,605488.613484,2386725.8377363333,0.2536900568597647
102,res_total,Energy Atlas 2016,689366.644452,2386725.8377363333,0.2888336119517703
103,commercial,Energy Atlas 2016,1183233.418272,2493965.4185969443,0.47443858260779886
103,res_total,Energy Atlas 2016,156290.7169,2493965.4185969443,0.06266755574659334
105,commercial,Energy Atlas 2016,36266.451207,531842.49319,0.06819020982974346
105,res_total,Energy Atlas 2016,274536.354658,531842.49319,0.5161986079963758
106,commercial,Energy Atlas 2016,442810.722431,8046176.191455111,0.055033684559537326
106,industrial,Energy Atlas 2016,1741618.538502,8046176.191455111,0.21645294572986937
106,institutional,Energy Atlas 2016,126531.470522,8046176.191455111,0.01572566490109601
106,res_total,Energy Atlas 2016,2207377.881284,8046176.191455111,0.2743387453568559
108,industrial,Energy Atlas 2016,123332.913135,608648.639573,0.20263400772821033
108,res_total,Energy Atlas 2016,211298.211588,608648.639573,0.3471595890467071
109,res_total,Energy Atlas 2016,611973.057078,1179615.4678779999,0.5187902954332
110,res_total,Energy Atlas 2016,256748.681763,455401.3443006407,0.5637855157351119
111,res_total,Energy Atlas 2016,296515.439301,573301.420601,0.517206880440238
112,industrial,Energy Atlas 2016,75097.21102,3633954.8591789985,0.020665422089741186
112,res_total,Energy Atlas 2016,1980832.429336,3633954.8591789985,0.5450899931606524
113,commercial,Energy Atlas 2016,567217.594246,9194470.8341145,0.06169116249098718
113,industrial,Energy Atlas 2016,4674117.527012,9194470.8341145,0.5083617764786955
113,res_total,Energy Atlas 2016,299114.958144,9194470.8341145,0.03253204709010392
114,commercial,Energy Atlas 2016,503991.156954,4599259.03256072,0.1095809462754686
114,res_total,Energy Atlas 2016,2287102.219122,4599259.03256072,0.49727623578718394
115,commercial,Energy Atlas 2016,759625.09562,4403873.935466271,0.1724901999356557
115,res_total,Energy Atlas 2016,1973322.429525,4403873.935466271,0.4480878559290707
116,res_total,Energy Atlas 2016,413490.349825,634679.954525,0.6514942639624719
117,commercial,Energy Atlas 2016,1266629.561379,4998129.239673704,0.25342073016537087
117,industrial,Energy Atlas 2016,302175.182964,4998129.239673704,0.06045765695000858
117,institutional,Energy Atlas 2016,72817.928818,4998129.239673704,0.014569036798807111
117,res_total,Energy Atlas 2016,1473828.242286,4998129.239673704,0.2948759769129573
118,res_total,Energy Atlas 2016,192583.180947,342131.371347,0.562892494157387
119,res_total,Energy Atlas 2016,376811.037686,729646.398936,0.5164296544675354
120,commercial,Energy Atlas 2016,268273.763428,2027780.5154475388,0.1322992115686598
120,res_total,Energy Atlas 2016,896800.184143,2027780.5154475388,0.4422570279728094
121,res_total,Energy Atlas 2016,93568.835801,164064.049901,0.570318944689355
122,commercial,Energy Atlas 2016,551069.93801,5522318.157094483,0.09978960326688971
122,industrial,Energy Atlas 2016,101563.41766,5522318.157094483,0.018391446267818197
122,res_total,Energy Atlas 2016,2804022.686586,5522318.157094483,0.5077618867329641
123,commercial,Energy Atlas 2016,1057242.085792,9494770.479465432,0.11134993605991032
123,industrial,Energy Atlas 2016,566988.309642,9494770.479465432,0.05971585209650293
123,res_total,Energy Atlas 2016,4065919.862048,9494770.479465432,0.4282272932075043
124,commercial,Energy Atlas 2016,7494975.259131,19191685.40834028,0.39053241545288414
124,industrial,Energy Atlas 2016,2905837.964279,19191685.40834028,0.15141129621769372
124,res_total,Energy Atlas 2016,1007584.038747,19191685.40834028,0.052501071026785716
125,commercial,Energy Atlas 2016,146445.414378,1425217.7065125364,0.10275301359842587
125,res_total,Energy Atlas 2016,702738.73066,1425217.7065125364,0.49307465620784346
126,commercial,Energy Atlas 2016,286863.83953399997,2354228.285301606,0.12185047700131982
126,res_total,Energy Atlas 2016,1184453.234662,2354228.285301606,0.5031174088158816
127,res_total,Energy Atlas 2016,263262.854317,445075.72566700005,0.5915012640207881
128,commercial,Energy Atlas 2016,512239.735615,3590262.8919493593,0.14267471520362002
128,res_total,Energy Atlas 2016,1781592.934245,3590262.8919493593,0.49622910295509615
129,res_total,Energy Atlas 2016,421649.927412,832429.1669745,0.5065294972117628
130,commercial,Energy Atlas 2016,527831.739008,5269525.080855788,0.10016685202346137
130,industrial,Energy Atlas 2016,285679.790799,5269525.080855788,0.05421357454714016
130,res_total,Energy Atlas 2016,2410893.701465,5269525.080855788,0.4575163158865662
131,commercial,Energy Atlas 2016,92157.453425,675469.2205825715,0.13643471918012345
131,res_total,Energy Atlas 2016,335187.799499,675469.2205825715,0.4962295679585679
132,commercial,Energy Atlas 2016,33094.83569,1751133.5149358094,0.018899093305979667
132,res_total,Energy Atlas 2016,952641.669062,1751133.5149358094,0.5440142975602409
133,institutional,Energy Atlas 2016,77101.12873,1927034.2013897223,0.04001025444924478
133,res_total,Energy Atlas 2016,1072044.413685,1927034.2013897223,0.5563183117932583
135,commercial,Energy Atlas 2016,912615.247639,6733408.692305504,0.1355354010639331
135,industrial,Energy Atlas 2016,773492.354818,6733408.692305504,0.11487381654137467
135,institutional,Energy Atlas 2016,123451.178654,6733408.692305504,0.018334128269248216
135,res_total,Energy Atlas 2016,2484721.950408,6733408.692305504,0.36901398146935244
136,commercial,Energy Atlas 2016,1905691.646809,3992054.0223703226,0.4773712069350896
136,res_total,Energy Atlas 2016,764953.825894,3992054.0223703226,0.19161910675742833
137,res_total,Energy Atlas 2016,1055033.316967,1779468.3300578846,0.5928924382333237
138,res_total,Energy Atlas 2016,70911.652161,119025.04524100001,0.5957708482061
139,industrial,Energy Atlas 2016,78059.051563,429472.3279441978,0.18175571855037506
139,res_total,Energy Atlas 2016,169096.745129,429472.3279441978,0.3937314097474775
140,commercial,Energy Atlas 2016,945200.510374,6696612.906766689,0.14114605749705322
140,res_total,Energy Atlas 2016,3059407.180697,6696612.906766689,0.4568588961750466
141,res_total,Energy Atlas 2016,843562.58450799994,1570394.626408,0.5371659902055957
142,commercial,Energy Atlas 2016,213857.503432,1644371.9466226667,0.1300542154536487
142,res_total,Energy Atlas 2016,719382.117304,1644371.9466226667,0.43748138538943115
143,commercial,Energy Atlas 2016,191848.875635,1897649.8577029998,0.10109814245037936
143,res_total,Energy Atlas 2016,938720.340318,1897649.8577029998,0.4946752091844114
144,commercial,Energy Atlas 2016,181558.753549,2527665.230593492,0.07182863907431693
144,industrial,Energy Atlas 2016,241831.897374,2527665.230593492,0.09567402140402044
144,institutional,Energy Atlas 2016,41905.663307,2527665.230593492,0.016578802762247363
144,res_total,Energy Atlas 2016,1057835.643059,2527665.230593492,0.418503063718854
145,commercial,Energy Atlas 2016,643030.622881,4085896.952753366,0.15737808131643669
145,res_total,Energy Atlas 2016,1844693.859584,4085896.952753366,0.45147831208540756
146,commercial,Energy Atlas 2016,164391.02237299999,1843977.9925991963,0.08915020842590485
146,industrial,Energy Atlas 2016,325399.911031,1843977.9925991963,0.17646626604926535
146,res_total,Energy Atlas 2016,672834.462699,1843977.9925991963,0.3648820459893884
148,commercial,Energy Atlas 2016,610759.093577,5157847.404313665,0.11841356397364597
148,institutional,Energy Atlas 2016,62671.527673,5157847.404313665,0.012150713807582965
148,res_total,Energy Atlas 2016,2413270.62472,5157847.404313665,0.46788329230168935
149,res_total,Energy Atlas 2016,423924.936076,805589.350476,0.5262295682353729
150,commercial,Energy Atlas 2016,320472.707523,5370279.850347206,0.05967523415046618
150,res_total,Energy Atlas 2016,2784105.02661,5370279.850347206,0.5184282950226511
151,commercial,Energy Atlas 2016,70976.03394,1374593.400744,0.05163420244967286
151,res_total,Energy Atlas 2016,709813.108304,1374593.400744,0.5163804132333336
154,commercial,Energy Atlas 2016,250844.231598,4718033.27474563,0.053167117947366345
154,institutional,Energy Atlas 2016,63165.957439,4718033.27474563,0.013388196682950599
154,res_total,Energy Atlas 2016,2413999.262949,4718033.27474563,0.5116537172110448
155,commercial,Energy Atlas 2016,189987.749836,1926870.8922117902,0.09859910729043161
155,res_total,Energy Atlas 2016,907428.751858,1926870.8922117902,0.47093386252588676
157,commercial,Energy Atlas 2016,116976.02536,1512687.4733866493,0.07732993590414987
157,industrial,Energy Atlas 2016,119585.949339,1512687.4733866493,0.07905529162032886
157,res_total,Energy Atlas 2016,612395.20831,1512687.4733866493,0.4048392143678903
158,commercial,Energy Atlas 2016,573513.258944,5162883.883888919,0.11108389648926284
158,industrial,Energy Atlas 2016,1499071.288028,5162883.883888919,0.29035541409442495
158,res_total,Energy Atlas 2016,1103565.93707,5162883.883888919,0.21374990448918327
159,commercial,Energy Atlas 2016,183304.308016,1113343.006438527,0.1646431575497763
159,res_total,Energy Atlas 2016,497843.672541,1113343.006438527,0.4471610902138346
160,commercial,Energy Atlas 2016,56710.406678,558800.241834,0.10148600954765993
160,res_total,Energy Atlas 2016,264267.41445599997,558800.241834,0.4729192914961275
162,industrial,Energy Atlas 2016,16961.393613,522824.92703271325,0.03244182275176547
162,res_total,Energy Atlas 2016,273589.208573,522824.92703271325,0.5232902916962133
163,institutional,Energy Atlas 2016,70147.43208299999,4547203.548903427,0.015426499238178215
163,res_total,Energy Atlas 2016,2423246.363054,4547203.548903427,0.5329091466860711
164,commercial,Energy Atlas 2016,160540.471732,2153191.1655408083,0.07455932120717099
164,res_total,Energy Atlas 2016,1034472.3037159999,2153191.1655408083,0.480436814097821
165,res_total,Energy Atlas 2016,288821.119938,398047.551738,0.7255945142154919
166,commercial,Energy Atlas 2016,186289.838824,2681641.288008118,0.06946858987332091
166,res_total,Energy Atlas 2016,1442957.132804,2681641.288008118,0.5380873046878714
167,commercial,Energy Atlas 2016,417085.695925,3581062.0025325925,0.11646983370576365
167,industrial,Energy Atlas 2016,697278.263932,3581062.0025325925,0.19471270350495806
167,institutional,Energy Atlas 2016,76245.863712,3581062.0025325925,0.02129141122328447
167,res_total,Energy Atlas 2016,844289.178871,3581062.0025325925,0.2357650267641005
168,commercial,Energy Atlas 2016,1361938.191661,6565854.5317724,0.2074274087356845
168,res_total,Energy Atlas 2016,2643583.014609,6565854.5317724,0.40262588849884035
169,commercial,Energy Atlas 2016,158668.847894,2826562.271381842,0.05613492032370135
169,res_total,Energy Atlas 2016,1556513.770346,2826562.271381842,0.5506737941368813
170,commercial,Energy Atlas 2016,120373.02355499999,2681799.3826766093,0.04488517087913561
170,res_total,Energy Atlas 2016,1563782.779775,2681799.3826766093,0.5831095308159269
171,commercial,Energy Atlas 2016,388527.035016,3101595.8088358315,0.1252668171362508
171,industrial,Energy Atlas 2016,360161.891056,3101595.8088358315,0.11612147850792492
171,institutional,Energy Atlas 2016,49591.900109,3101595.8088358315,0.015989156281331858
171,res_total,Energy Atlas 2016,1083831.574713,3101595.8088358315,0.3494432032779316
172,commercial,Energy Atlas 2016,166320.338974,2593791.661861,0.06412247422164512
172,res_total,Energy Atlas 2016,1271991.086412,2593791.661861,0.4903983250140332
174,commercial,Energy Atlas 2016,1002233.011753,7976055.908124853,0.12565521396760393
174,industrial,Energy Atlas 2016,376703.548915,7976055.908124853,0.04722930145603278
174,institutional,Energy Atlas 2016,166222.419212,7976055.908124853,0.020840177291470165
174,res_total,Energy Atlas 2016,3277996.141016,7976055.908124853,0.410979584242489
175,commercial,Energy Atlas 2016,228397.751962,384356.70454,0.5942338178680857
175,res_total,Energy Atlas 2016,46398.173678,384356.70454,0.1207164416021559
176,res_total,Energy Atlas 2016,741938.315383,1320715.9524329999,0.5617697840449448
177,commercial,Energy Atlas 2016,1658891.204092,8471487.886523334,0.1958205248373202
177,res_total,Energy Atlas 2016,3121012.8322509998,8471487.886523334,0.3684137750130044
178,commercial,Energy Atlas 2016,129630.993311,2916116.667831,0.04445329459586375
178,res_total,Energy Atlas 2016,1679432.61481,2916116.667831,0.5759140686436107
179,res_total,Energy Atlas 2016,927156.611005,1659518.0974308718,0.5586902682413327
180,commercial,Energy Atlas 2016,143297.024611,1244682.5427486273,0.11512736757322697
180,res_total,Energy Atlas 2016,542111.115914,1244682.5427486273,0.4355416721093061
181,res_total,Energy Atlas 2016,504361.561215,684219.212715,0.7371344619419263
182,commercial,Energy Atlas 2016,139353.385164,2180922.913819475,0.0638965202671693
182,industrial,Energy Atlas 2016,42504.423142,2180922.913819475,0.019489190962536828
182,res_total,Energy Atlas 2016,1029668.289586,2180922.913819475,0.4721250270064476
184,res_total,Energy Atlas 2016,428501.709468,439860.871168,0.974175557671595
185,res_total,Energy Atlas 2016,374118.987455,665211.058360812,0.5624064464245226
186,commercial,Energy Atlas 2016,581476.532492,6689383.107011301,0.0869252849164134
186,res_total,Energy Atlas 2016,3199510.478877,6689383.107011301,0.47829679175102363
187,commercial,Energy Atlas 2016,411350.050511,6541609.308644432,0.06288208774061455
187,industrial,Energy Atlas 2016,1328993.951734,6541609.308644432,0.20316009242218064
187,res_total,Energy Atlas 2016,1945970.206974,6541609.308644432,0.29747576095724504
189,commercial,Energy Atlas 2016,317611.945444,2139771.8939831615,0.1484326186062613
189,res_total,Energy Atlas 2016,1014174.298858,2139771.8939831615,0.47396374431768323
190,res_total,Energy Atlas 2016,320769.997123,619460.1213249716,0.5178218679144361
191,commercial,Energy Atlas 2016,283250.841864,3218830.070129228,0.08799807249614398
191,res_total,Energy Atlas 2016,1583439.289418,3218830.070129228,0.4919300661791161
192,commercial,Energy Atlas 2016,199967.111387,1697519.7634061584,0.11779957777089793
192,industrial,Energy Atlas 2016,32835.450514,1697519.7634061584,0.019343191886092695
192,res_total,Energy Atlas 2016,817195.784078,1697519.7634061584,0.48140575544066466
193,res_total,Energy Atlas 2016,622973.422599,1187860.419399,0.5244500215894007
194,commercial,Energy Atlas 2016,81623.368061,730145.0362875614,0.11179062241663085
194,res_total,Energy Atlas 2016,377004.740441,730145.0362875614,0.5163422631178717
195,res_total,Energy Atlas 2016,95106.75206299999,95372.074463,0.9972180284271478
196,commercial,Energy Atlas 2016,157063.298248,2048771.156980452,0.07666219709939942
196,industrial,Energy Atlas 2016,539075.324583,2048771.156980452,0.26312129724508004
196,res_total,Energy Atlas 2016,597278.589568,2048771.156980452,0.29153016310923147
198,commercial,Energy Atlas 2016,141858.60746199999,1453507.9989099992,0.09759740405170197
198,res_total,Energy Atlas 2016,743198.265869,1453507.9989099992,0.5113135025237784
199,commercial,Energy Atlas 2016,4497408.031354,35731379.18342126,0.1258671826874435
199,industrial,Energy Atlas 2016,1462353.699853,35731379.18342126,0.04092631555995204
199,res_total,Energy Atlas 2016,14967854.654548,35731379.18342126,0.4188994378782005
200,res_total,Energy Atlas 2016,38052.604285,52533.949185000005,0.724343112888706
201,commercial,Energy Atlas 2016,146661.971271,3487312.60360254,0.042055871653000655
201,res_total,Energy Atlas 2016,1884112.974096,3487312.60360254,0.5402764788420837
202,commercial,Energy Atlas 2016,268575.976887,3327631.3158656666,0.08071085748185758
202,industrial,Energy Atlas 2016,353790.510413,3327631.3158656666,0.10631902300179044
202,res_total,Energy Atlas 2016,1376059.076049,3327631.3158656666,0.4135251010194996
203,commercial,Energy Atlas 2016,112363.577216,1691728.791536213,0.06641937985459578
203,res_total,Energy Atlas 2016,1209393.695333,1691728.791536213,0.7148862757338205
204,commercial,Energy Atlas 2016,47705.783403,874198.164047,0.054570903217356984
204,res_total,Energy Atlas 2016,446096.794444,874198.164047,0.5102925318200694
205,commercial,Energy Atlas 2016,529068.64955,5671204.289412428,0.09329035290400635
205,res_total,Energy Atlas 2016,2592964.722156,5671204.289412428,0.45721589098752907
206,res_total,Energy Atlas 2016,27836.618793,40877.734993000005,0.680972632112978
207,commercial,Energy Atlas 2016,73461.56080199999,3131193.6969793565,0.023461199756778992
207,res_total,Energy Atlas 2016,1597719.316645,3131193.6969793565,0.510258856929327
208,commercial,Energy Atlas 2016,7974.329005,628864.746769,0.012680515239518108
208,res_total,Energy Atlas 2016,359705.365714,628864.746769,0.5719916207135238
209,commercial,Energy Atlas 2016,78962.161626,871199.9467382252,0.09063609556179902
209,res_total,Energy Atlas 2016,472047.389434,871199.9467382252,0.5418358795834948
210,commercial,Energy Atlas 2016,372838.505406,3850005.1307494245,0.09684104117893083
210,res_total,Energy Atlas 2016,1818543.70895,3850005.1307494245,0.47234838583085487
211,commercial,Energy Atlas 2016,609685.971024,5177972.378997021,0.1177460840650712
211,res_total,Energy Atlas 2016,2453402.86266,5177972.378997021,0.4738153630582376
212,commercial,Energy Atlas 2016,216353.899945,1394652.4307177407,0.15513105285569692
212,res_total,Energy Atlas 2016,615442.798322,1394652.4307177407,0.4412875815985707
213,commercial,Energy Atlas 2016,351679.196835,3668895.9338057176,0.09585423058598609
213,industrial,Energy Atlas 2016,328513.555076,3668895.9338057176,0.08954016712467378
213,institutional,Energy Atlas 2016,66673.788913,3668895.9338057176,0.018172711931853512
213,res_total,Energy Atlas 2016,1459440.633385,3668895.9338057176,0.39778741608272694
214,commercial,Energy Atlas 2016,610409.685394,6036929.803881114,0.1011126028004451
214,industrial,Energy Atlas 2016,1052588.853231,6036929.803881114,0.17435830586506
214,res_total,Energy Atlas 2016,2062068.949305,6036929.803881114,0.34157577051489074
215,res_total,Energy Atlas 2016,425701.427242,697681.452313929,0.6101658942345671
216,commercial,Energy Atlas 2016,604289.235754,4964992.284832636,0.12171000498832998
216,industrial,Energy Atlas 2016,182382.245741,4964992.284832636,0.03673364131866881
216,res_total,Energy Atlas 2016,2210379.391408,4964992.284832636,0.4451929156386412
217,res_total,Energy Atlas 2016,565937.762518,882593.915518,0.6412210106681366
218,industrial,Energy Atlas 2016,5011.931044,118446.764421,0.04231378601601894
218,res_total,Energy Atlas 2016,110299.922877,118446.764421,0.9312193829538192
219,res_total,Energy Atlas 2016,157545.557721,284135.371121,0.554473584543294
220,commercial,Energy Atlas 2016,262824.537963,3625426.4457003362,0.07249479251598201
220,industrial,Energy Atlas 2016,82996.288595,3625426.4457003362,0.022892834770770622
220,institutional,Energy Atlas 2016,47539.301226999996,3625426.4457003362,0.013112747407516818
220,res_total,Energy Atlas 2016,1651110.577842,3625426.4457003362,0.4554252037853851
221,commercial,Energy Atlas 2016,838026.86635,6740252.293891974,0.12433167629488011
221,industrial,Energy Atlas 2016,675448.47441,6740252.293891974,0.10021115604561158
221,res_total,Energy Atlas 2016,2420025.60185,6740252.293891974,0.3590408038647204
222,commercial,Energy Atlas 2016,1017897.851098,6946374.274880122,0.1465365686929627
222,industrial,Energy Atlas 2016,291107.83438,6946374.274880122,0.04190788213539269
222,res_total,Energy Atlas 2016,2928050.607064,6946374.274880122,0.4215221482741845
224,res_total,Energy Atlas 2016,204024.185397,212443.898197,0.9603673587640894
225,res_total,Energy Atlas 2016,208794.104126,345772.7759038525,0.6038477250853851
226,commercial,Energy Atlas 2016,620083.024463,6721097.329034266,0.0922591943110721
226,industrial,Energy Atlas 2016,388605.166439,6721097.329034266,0.057818708376722386
226,institutional,Energy Atlas 2016,82205.312453,6721097.329034266,0.01223093617434816
226,res_total,Energy Atlas 2016,2800835.463365,6721097.329034266,0.4167229436279334
227,institutional,Energy Atlas 2016,48802.503318,3952661.0508713117,0.012346746328588468
227,res_total,Energy Atlas 2016,2222399.924772,3952661.0508713117,0.562254110881099
228,commercial,Energy Atlas 2016,356002.809552,3942817.4338074927,0.0902914769777245
228,industrial,Energy Atlas 2016,627261.081855,3942817.4338074927,0.15908955775547226
228,res_total,Energy Atlas 2016,1353002.502412,3942817.4338074927,0.343156264556088
229,commercial,Energy Atlas 2016,873497.417556,12840681.018224757,0.06802578588442829
229,res_total,Energy Atlas 2016,6703945.790809,12840681.018224757,0.5220864673216398
230,commercial,Energy Atlas 2016,250352.403116,3589042.7004683674,0.06975464601837399
230,industrial,Energy Atlas 2016,29905.196991,3589042.7004683674,0.008332360321903497
230,res_total,Energy Atlas 2016,1660190.452547,3589042.7004683674,0.46257194218679715
231,res_total,Energy Atlas 2016,1389481.329877,2440609.180607952,0.5693174232553212
232,commercial,Energy Atlas 2016,455413.10728399997,3560827.42294104,0.1278953044311973
232,industrial,Energy Atlas 2016,193574.455957,3560827.42294104,0.05436221219536626
232,res_total,Energy Atlas 2016,1459151.24054,3560827.42294104,0.409778702314875
233,commercial,Energy Atlas 2016,257444.989748,2085760.4826346687,0.12342979545897013
233,institutional,Energy Atlas 2016,56497.101389999996,2085760.4826346687,0.027087051394623505
233,res_total,Energy Atlas 2016,1006275.0354769999,2085760.4826346687,0.48244994756344417
235,commercial,Energy Atlas 2016,316132.279363,5303999.054893725,0.059602627393253615
235,industrial,Energy Atlas 2016,1003344.689051,5303999.054893725,0.18916758443334675
235,res_total,Energy Atlas 2016,1750135.421027,5303999.054893725,0.3299652588384685
236,commercial,Energy Atlas 2016,235274.246216,2130867.139737258,0.11041244281659436
236,res_total,Energy Atlas 2016,901557.746773,2130867.139737258,0.42309430276547627
237,commercial,Energy Atlas 2016,349189.303532,2083256.1562961428,0.16761707506619333
237,institutional,Energy Atlas 2016,64039.89596,2083256.1562961428,0.030740288834119008
237,res_total,Energy Atlas 2016,860416.396447,2083256.1562961428,0.413015170432401
238,res_total,Energy Atlas 2016,542133.226828,1023433.7566149975,0.5297198996260425
239,commercial,Energy Atlas 2016,277994.761736,1047423.2563075426,0.26540823880119735
239,res_total,Energy Atlas 2016,296573.503676,1047423.2563075426,0.28314580747567497
240,commercial,Energy Atlas 2016,1099766.20437,11739258.21909213,0.09368276801181495
240,industrial,Energy Atlas 2016,1627999.470144,11739258.21909213,0.138679926768823
240,res_total,Energy Atlas 2016,4165027.388903,11739258.21909213,0.35479476736692034
241,commercial,Energy Atlas 2016,153612.137604,3462659.3672185405,0.04436247442017157
241,res_total,Energy Atlas 2016,1780367.172063,3462659.3672185405,0.5141617997190178
243,res_total,Energy Atlas 2016,192734.148322,257884.175122,0.7473671008731777
244,industrial,Energy Atlas 2016,1896096.624969,3544407.113876,0.534954525270523
244,res_total,Energy Atlas 2016,4396.077057,3544407.113876,0.0012402855867741033
245,commercial,Energy Atlas 2016,105000.735757,5331608.229267922,0.019694008119463337
245,res_total,Energy Atlas 2016,3061961.455779,5331608.229267922,0.5743035354642768
246,commercial,Energy Atlas 2016,144676.355452,590690.069754,0.24492769196585984
246,res_total,Energy Atlas 2016,223722.873002,590690.069754,0.37874832244119505
247,commercial,Energy Atlas 2016,674544.435317,5995974.423733816,0.11249955180711853
247,institutional,Energy Atlas 2016,65715.958983,5995974.423733816,0.010960013225352842
247,res_total,Energy Atlas 2016,2796516.681604,5995974.423733816,0.4663990344145851
248,commercial,Energy Atlas 2016,392008.85365,4060544.555618804,0.09654095609111228
248,res_total,Energy Atlas 2016,1998697.676236,4060544.555618804,0.4922240475037491
250,res_total,Energy Atlas 2016,351861.472521,467401.109621,0.7528041018266147
251,commercial,Energy Atlas 2016,109518.980259,1146984.3250774415,0.09548428680715018
251,res_total,Energy Atlas 2016,652603.62671,1146984.3250774415,0.5689734484086675
252,commercial,Energy Atlas 2016,409127.903654,3374523.1414961666,0.12124021276458175
252,industrial,Energy Atlas 2016,113883.934811,3374523.1414961666,0.033748156416704
252,institutional,Energy Atlas 2016,101578.189237,3374523.1414961666,0.03010149433794167
252,res_total,Energy Atlas 2016,1493376.70574,3374523.1414961666,0.44254451462374017
253,commercial,Energy Atlas 2016,414393.274082,4412237.705701324,0.0939190727522538
253,res_total,Energy Atlas 2016,2260543.202385,4412237.705701324,0.5123348634331312
254,commercial,Energy Atlas 2016,361062.214029,3361489.3441405557,0.107411381404011
254,res_total,Energy Atlas 2016,1713930.936121,3361489.3441405557,0.5098724882494629
255,commercial,Energy Atlas 2016,191654.801268,1254037.9301230346,0.15283014705081258
255,res_total,Energy Atlas 2016,570395.712973,1254037.9301230346,0.45484725722533614
256,commercial,Energy Atlas 2016,352256.217368,2902888.1440339587,0.1213468104487457
256,res_total,Energy Atlas 2016,1379033.365594,2902888.1440339587,0.4750556332761914
257,commercial,Energy Atlas 2016,59023.970087,2160303.5284889997,0.027322072712756093
257,res_total,Energy Atlas 2016,1202725.396702,2160303.5284889997,0.5567390789493516
258,res_total,Energy Atlas 2016,120165.38535,225545.87924714285,0.5327757959981537
259,commercial,Energy Atlas 2016,533916.606799,5714098.799106649,0.0934384625765437
259,res_total,Energy Atlas 2016,2783140.786373,5714098.799106649,0.4870655696062029
260,commercial,Energy Atlas 2016,1599150.766069,16863981.183358587,0.09482640834816901
260,industrial,Energy Atlas 2016,1087136.04152,16863981.183358587,0.06446497002693458
260,institutional,Energy Atlas 2016,204308.654383,16863981.183358587,0.012115090272077165
260,res_total,Energy Atlas 2016,6929031.086306,16863981.183358587,0.41087753899675733
261,commercial,Energy Atlas 2016,342974.557347,1341697.0219445196,0.25562742686119067
261,res_total,Energy Atlas 2016,507581.300486,1341697.0219445196,0.3783129068516252
262,commercial,Energy Atlas 2016,2201368.543632,11471294.825146507,0.1919023595144923
262,institutional,Energy Atlas 2016,143055.012296,11471294.825146507,0.012470694413886528
262,res_total,Energy Atlas 2016,4273456.709875,11471294.825146507,0.37253481625344076
263,commercial,Energy Atlas 2016,1098851.481432,4794830.379176861,0.22917421358722648
263,industrial,Energy Atlas 2016,118115.573558,4794830.379176861,0.024633942020338407
263,res_total,Energy Atlas 2016,1422386.550544,4794830.379176861,0.2966500247268777
264,res_total,Energy Atlas 2016,15554.470581,30844.324180999996,0.5042895571231709
265,industrial,Energy Atlas 2016,228977.187973,1338329.2873920293,0.1710918158409299
265,res_total,Energy Atlas 2016,670912.857047,1338329.2873920293,0.5013062654814885
266,commercial,Energy Atlas 2016,921583.174229,8329872.736415273,0.11063592486835515
266,institutional,Energy Atlas 2016,68974.624611,8329872.736415273,0.00828039356585452
266,res_total,Energy Atlas 2016,3855179.254266,8329872.736415273,0.4628137039132078
267,commercial,Energy Atlas 2016,34625.041003,1180736.6773610476,0.02932494743907434
267,res_total,Energy Atlas 2016,662375.442959,1180736.6773610476,0.560984896682817
268,commercial,Energy Atlas 2016,270957.17368,950533.021428661,0.28505813850922146
268,res_total,Energy Atlas 2016,352049.972708,950533.021428661,0.3703711125983453
269,commercial,Energy Atlas 2016,129503.06588,2460417.1254675467,0.05263459782470457
269,res_total,Energy Atlas 2016,1362345.942928,2460417.1254675467,0.5537052757544584
271,res_total,Energy Atlas 2016,367714.997859,487573.463059,0.7541735260815533
272,commercial,Energy Atlas 2016,125938.935188,2767157.249538065,0.04551202690379219
272,industrial,Energy Atlas 2016,1063569.523316,2767157.249538065,0.38435456586124506
272,res_total,Energy Atlas 2016,422566.787119,2767157.249538065,0.15270790526615036
273,commercial,Energy Atlas 2016,385565.380279,5602320.550303296,0.06882244184655346
273,industrial,Energy Atlas 2016,792228.195731,5602320.550303296,0.14141072232793084
273,institutional,Energy Atlas 2016,173313.519396,5602320.550303296,0.03093602335671728
273,res_total,Energy Atlas 2016,2073674.484968,5602320.550303296,0.37014563275136697
274,commercial,Energy Atlas 2016,105100.792288,1249846.0396993333,0.0840909911698271
274,res_total,Energy Atlas 2016,623255.197398,1249846.0396993333,0.49866557768021746
275,commercial,Energy Atlas 2016,162228.983757,2490080.0341507467,0.06515010824233565
275,industrial,Energy Atlas 2016,18337.101237,2490080.0341507467,0.007364060988205928
275,res_total,Energy Atlas 2016,1316177.425466,2490080.0341507467,0.5285683220679646
276,res_total,Energy Atlas 2016,283521.468303,515992.03620173014,0.5494686902341175
277,industrial,Energy Atlas 2016,103346.22623,875235.283253,0.11807822217346123
277,res_total,Energy Atlas 2016,358302.809123,875235.283253,0.4093788447276607
278,commercial,Energy Atlas 2016,84748.717884,3067580.3775909212,0.027627219975424458
278,res_total,Energy Atlas 2016,1655009.252237,3067580.3775909212,0.5395161816547859
279,res_total,Energy Atlas 2016,1127720.995779,2051484.4862314872,0.5497097362167179
280,commercial,Energy Atlas 2016,518497.031374,5004196.897638016,0.10361243611711819
280,res_total,Energy Atlas 2016,2424459.211719,5004196.897638016,0.4844851754061368
281,commercial,Energy Atlas 2016,126413.948227,1276997.9074727579,0.09899307390188247
281,res_total,Energy Atlas 2016,615443.541546,1276997.9074727579,0.4819456147457542
282,commercial,Energy Atlas 2016,339121.77703399997,5886084.00359577,0.05761415855207515
282,industrial,Energy Atlas 2016,1233693.032401,5886084.00359577,0.20959487354365736
282,res_total,Energy Atlas 2016,1932222.885549,5886084.00359577,0.32826967545291874
283,res_total,Energy Atlas 2016,389984.311474,412141.240174,0.9462394768098294
284,commercial,Energy Atlas 2016,205368.491807,5007358.42902291,0.04101333961169497
284,industrial,Energy Atlas 2016,648132.855641,5007358.42902291,0.12943608188389075
284,res_total,Energy Atlas 2016,2001785.957762,5007358.42902291,0.39976885739985063
285,commercial,Energy Atlas 2016,348366.275855,4207204.453228507,0.08280231677062239
285,industrial,Energy Atlas 2016,48083.80571,4207204.453228507,0.011428920615707574
285,res_total,Energy Atlas 2016,2231118.406807,4207204.453228507,0.5303090048535419
286,commercial,Energy Atlas 2016,173867.407082,2727292.294740919,0.06375092520052628
286,res_total,Energy Atlas 2016,1418683.344061,2727292.294740919,0.5201801606658258
287,res_total,Energy Atlas 2016,549453.240004,1028559.1455660469,0.5341970292837359
288,res_total,Energy Atlas 2016,462741.853342,699524.589569347,0.6615090594983671
289,commercial,Energy Atlas 2016,2584108.279166,14710579.507116385,0.17566325500065533
289,res_total,Energy Atlas 2016,6190777.582612,14710579.507116385,0.4208384570857424
290,commercial,Energy Atlas 2016,124178.887853,2099306.423729376,0.059152340244069124
290,res_total,Energy Atlas 2016,1105286.129018,2099306.423729376,0.5265006177871268
291,res_total,Energy Atlas 2016,91956.411333,104749.670333,0.8778682647942457
293,res_total,Energy Atlas 2016,535725.1494999999,695840.38975,0.7698965989779267
294,industrial,Energy Atlas 2016,602546.189668,1392035.7535485714,0.43285252417690556
294,res_total,Energy Atlas 2016,131377.291002,1392035.7535485714,0.09437781369271127
296,res_total,Energy Atlas 2016,561003.962897,1053653.187609963,0.5324370195942217
297,res_total,Energy Atlas 2016,604225.504296,1073869.8601599536,0.5626617588522321
298,commercial,Energy Atlas 2016,303890.172344,4879870.111486472,0.06227423382206194
298,industrial,Energy Atlas 2016,284629.429481,4879870.111486472,0.05832725522981147
298,res_total,Energy Atlas 2016,2148050.489999,4879870.111486472,0.44018599694750393
299,commercial,Energy Atlas 2016,124109.303506,2623279.4032588927,0.04731074522668815
299,institutional,Energy Atlas 2016,40573.341384,2623279.4032588927,0.01546664885699779
299,res_total,Energy Atlas 2016,1292261.127467,2623279.4032588927,0.49261284400801053
300,res_total,Energy Atlas 2016,81886.840969,143891.273769,0.5690883041348247
301,commercial,Energy Atlas 2016,1090659.666504,9047114.297691835,0.12055332016555345
301,industrial,Energy Atlas 2016,1225915.47195,9047114.297691835,0.13550348007239882
301,res_total,Energy Atlas 2016,2966184.68728,9047114.297691835,0.327859756125415
302,commercial,Energy Atlas 2016,315747.010622,3891976.545974803,0.08112767558904095
302,industrial,Energy Atlas 2016,47314.290161,3891976.545974803,0.012156879570596033
302,res_total,Energy Atlas 2016,1785378.824398,3891976.545974803,0.4587331920703611
303,commercial,Energy Atlas 2016,66874.645199,1000460.673818,0.06684385198649556
303,res_total,Energy Atlas 2016,547233.322819,1000460.673818,0.5469813428354212
304,commercial,Energy Atlas 2016,111468.828423,1270208.702885782,0.0877563097857497
304,res_total,Energy Atlas 2016,608703.521799,1270208.702885782,0.4792153607640137
305,commercial,Energy Atlas 2016,208153.537941,2643525.859832,0.07874087449034013
305,res_total,Energy Atlas 2016,1241721.709661,2643525.859832,0.46972179411171455
306,commercial,Energy Atlas 2016,62560.601491,1158681.75473,0.05399291154418678
306,res_total,Energy Atlas 2016,599796.911189,1158681.75473,0.5176545748998755
309,commercial,Energy Atlas 2016,32879.765245,1456448.3588173636,0.022575304538568316
309,res_total,Energy Atlas 2016,796802.274936,1456448.3588173636,0.5470858407798294
311,commercial,Energy Atlas 2016,186349.296744,3177832.136882265,0.05864038398416638
311,res_total,Energy Atlas 2016,1684036.608781,3177832.136882265,0.529932525143757
312,commercial,Energy Atlas 2016,50746.40569,691991.144764,0.07333389462275099
312,res_total,Energy Atlas 2016,334563.026824,691991.144764,0.48347876899219716
313,institutional,Energy Atlas 2016,51335.039098,1314011.554338,0.039067418340824736
313,res_total,Energy Atlas 2016,682254.54819,1314011.554338,0.5192150296834492
314,res_total,Energy Atlas 2016,622072.820917,1142686.1395669999,0.5443951749976798
315,commercial,Energy Atlas 2016,148204.904295,1278411.3134114281,0.11592896804043187
315,res_total,Energy Atlas 2016,576451.96664,1278411.3134114281,0.4509127544418733
316,commercial,Energy Atlas 2016,1815488.222183,6395624.470944016,0.28386410591036904
316,institutional,Energy Atlas 2016,63920.422701999996,6395624.470944016,0.009994398982053605
316,res_total,Energy Atlas 2016,1909542.476159,6395624.470944016,0.2985701372609116
317,commercial,Energy Atlas 2016,51264.247012,1910901.748498,0.026827254228164548
317,industrial,Energy Atlas 2016,842749.961967,1910901.748498,0.44102213137301033
317,res_total,Energy Atlas 2016,168467.791819,1910901.748498,0.08816140963365512
318,commercial,Energy Atlas 2016,1070864.731391,8565725.347361855,0.12501740225897087
318,res_total,Energy Atlas 2016,4163400.471567,8565725.347361855,0.4860534633939996
319,res_total,Energy Atlas 2016,2407510.824526,4472226.301494749,0.53832491073212
320,commercial,Energy Atlas 2016,697732.095087,4046191.953427658,0.17244166938148572
320,industrial,Energy Atlas 2016,22105.33982,4046191.953427658,0.0054632454600365326
320,res_total,Energy Atlas 2016,1608745.602103,4046191.953427658,0.39759497834505364
321,commercial,Energy Atlas 2016,1645823.468112,7076290.403788429,0.23258280457665736
321,res_total,Energy Atlas 2016,2525857.91236,7076290.403788429,0.3569466158437665
322,industrial,Energy Atlas 2016,153878.304699,1087313.243830544,0.14152159515402876
322,res_total,Energy Atlas 2016,449574.33954,1087313.243830544,0.41347269711916196
323,commercial,Energy Atlas 2016,162719.883209,1543450.3953094906,0.10542605301958644
323,res_total,Energy Atlas 2016,667984.833196,1543450.3953094906,0.4327867194345799
324,commercial,Energy Atlas 2016,50496.961135,1535019.095435,0.03289663384981537
324,res_total,Energy Atlas 2016,860653.392,1535019.095435,0.5606792739969821
325,institutional,Energy Atlas 2016,16373.596332,1197998.360103,0.013667461390007454
325,res_total,Energy Atlas 2016,587774.705571,1197998.360103,0.49063064286704455
326,res_total,Energy Atlas 2016,26182.387975,44005.996175,0.5949731911733049
327,commercial,Energy Atlas 2016,60145.309297,1465649.2118226103,0.04103663333070415
327,institutional,Energy Atlas 2016,28697.272185,1465649.2118226103,0.019579904900513995
327,res_total,Energy Atlas 2016,738421.84393,1465649.2118226103,0.5038189479266559
328,commercial,Energy Atlas 2016,771302.724011,4750635.61860975,0.1623577950263249
328,res_total,Energy Atlas 2016,1897784.207964,4750635.61860975,0.3994800612637551
329,commercial,Energy Atlas 2016,695220.555385,7003013.603247293,0.09927448306863584
329,res_total,Energy Atlas 2016,3497522.585508,7003013.603247293,0.4994310712014326
331,commercial,Energy Atlas 2016,73470.47949,2410819.824247,0.030475309167058102
331,industrial,Energy Atlas 2016,489957.322677,2410819.824247,0.20323265876164523
331,res_total,Energy Atlas 2016,851387.24678,2410819.824247,0.35315258246058434
332,commercial,Energy Atlas 2016,276427.023611,3519742.531038333,0.0785361489294654
332,industrial,Energy Atlas 2016,679754.807169,3519742.531038333,0.1931262872709245
332,institutional,Energy Atlas 2016,85275.106282,3519742.531038333,0.024227654588372297
332,res_total,Energy Atlas 2016,1142512.361118,3519742.531038333,0.32460111813376186
333,res_total,Energy Atlas 2016,425989.891057,808931.5931588892,0.5266080527198888
334,commercial,Energy Atlas 2016,136199.885732,3505290.021346601,0.03885552547793951
334,institutional,Energy Atlas 2016,37423.000654,3505290.021346601,0.010676149598492706
334,res_total,Energy Atlas 2016,1723804.1095429999,3505290.021346601,0.4917721783491053
335,commercial,Energy Atlas 2016,1811886.744485,9768176.317658853,0.18548874278707292
335,institutional,Energy Atlas 2016,115823.09913,9768176.317658853,0.011857187602215541
335,res_total,Energy Atlas 2016,4221219.489744,9768176.317658853,0.43213997705108004
64,res_total,Simulation 2018,52641.3205,502565.99725300004,0.10474508977474553
65,commercial,Simulation 2018,21097.8687,986038.2882749999,0.021396601887447127
65,res_total,Simulation 2018,410804.21804999997,986038.2882749999,0.4166209597891692
66,commercial,Simulation 2018,114703.1891375653,2986708.5183852836,0.038404547491489985
66,res_total,Simulation 2018,1070936.0242767185,2986708.5183852836,0.35856730500628264
67,res_total,Simulation 2018,22189.7224,258613.64324099998,0.08580259773581077
68,commercial,Simulation 2018,207407.81228333333,6189058.862098457,0.03351201158442526
68,institutional,Simulation 2018,74012.45455,6189058.862098457,0.011958595999667936
68,res_total,Simulation 2018,2278479.426482124,6189058.862098457,0.3681463494288992
69,res_total,Simulation 2018,202201.18533333333,461535.3575863333,0.4381055145824017
70,industrial,Simulation 2018,9056.7281,3717073.47775083,0.0024365211379894893
70,institutional,Simulation 2018,62580.134099999996,3717073.47775083,0.01683586145783341
70,res_total,Simulation 2018,1502403.6307758298,3717073.47775083,0.40418991977659846
71,res_total,Simulation 2018,9876.198999999999,43492.406326000004,0.22707869796792438
72,commercial,Simulation 2018,169747.89338416667,6754772.854072223,0.025130066850705634
72,res_total,Simulation 2018,2681903.299078057,6754772.854072223,0.3970382656851634
73,res_total,Simulation 2018,783286.4733764607,1686242.5961054605,0.4645158859025007
74,commercial,Simulation 2018,11815.6723,1449596.2702510953,0.008151009037815281
74,industrial,Simulation 2018,27373.8211,1449596.2702510953,0.018883755195685196
74,res_total,Simulation 2018,593050.7350980953,1449596.2702510953,0.4091144184548492
75,commercial,Simulation 2018,26683.2025,1214839.7948460889,0.02196437967640051
75,res_total,Simulation 2018,450074.77339608886,1214839.7948460889,0.37048076240629735
76,res_total,Simulation 2018,232660.75828838383,516008.4050783838,0.4508855979837028
77,res_total,Simulation 2018,375157.56834,850611.989493,0.44104429866267164
79,commercial,Simulation 2018,2264.4375,1336507.3948037077,0.0016942947781688682
79,industrial,Simulation 2018,130202.819815,1336507.3948037077,0.0974202015800465
79,res_total,Simulation 2018,378603.2069897078,1336507.3948037077,0.283278048787237
81,commercial,Simulation 2018,35189.683899999996,2704306.758480691,0.01301246013960707
81,institutional,Simulation 2018,6170.2321999999995,2704306.758480691,0.002281631764092659
81,res_total,Simulation 2018,1029282.1472966907,2704306.758480691,0.3806085031104063
82,commercial,Simulation 2018,38053.3264,3286045.3078569993,0.011580280499789136
82,res_total,Simulation 2018,1294342.4125029992,3286045.3078569993,0.3938906166047683
83,commercial,Simulation 2018,11153.2953,1748704.1857002762,0.006378034313181228
83,res_total,Simulation 2018,560800.7079832763,1748704.1857002762,0.32069501095103814
84,commercial,Simulation 2018,20592.214,1305571.6399085554,0.015772565342674197
84,institutional,Simulation 2018,11866.6744,1305571.6399085554,0.009089255646538985
84,res_total,Simulation 2018,437345.6577305555,1305571.6399085554,0.33498403638821994
85,commercial,Simulation 2018,37460.8102,4119409.1064496115,0.009093733890462335
85,res_total,Simulation 2018,1512650.7991496113,4119409.1064496115,0.3672009164570006
86,commercial,Simulation 2018,9204.0675,1282638.0263866666,0.007175888528682466
86,res_total,Simulation 2018,410321.88899166667,1282638.0263866666,0.31990466565815834
87,commercial,Simulation 2018,1639.685,1942470.7720930283,8.441233832482462e-4
87,res_total,Simulation 2018,667172.7634430283,1942470.7720930283,0.34346605005754816
88,commercial,Simulation 2018,237557.42345,3640798.719198835,0.06524871100324793
88,res_total,Simulation 2018,1258285.5904858352,3640798.719198835,0.3456070185507875
89,commercial,Simulation 2018,955615.15325,8410323.171590531,0.11362407053250932
89,institutional,Simulation 2018,33392.3476,8410323.171590531,0.003970400057015283
89,res_total,Simulation 2018,2581619.356500532,8410323.171590531,0.3069584014584668
90,res_total,Simulation 2018,472532.6182770308,959469.4786180309,0.49249364237999715
91,commercial,Simulation 2018,85550.2165,5936892.971185786,0.01440993073569135
91,industrial,Simulation 2018,1227978.4492267857,5936892.971185786,0.20683856946498388
91,res_total,Simulation 2018,1240993.4091,5936892.971185786,0.2090307868312698
92,res_total,Simulation 2018,38478.7155,177612.10635999998,0.21664466622566778
93,institutional,Simulation 2018,46807.9437,4922523.227202318,0.009508933028763579
93,res_total,Simulation 2018,2050529.4793223173,4922523.227202318,0.4165606508448558
94,commercial,Simulation 2018,6267.4056,1155006.3022050953,0.0054262955864695294
94,res_total,Simulation 2018,474909.8143880952,1155006.3022050953,0.4111750849163463
96,commercial,Simulation 2018,190151.3431,4080641.7965653837,0.046598391277579816
96,res_total,Simulation 2018,1515377.7850323836,4080641.7965653837,0.3713577080712781
97,commercial,Simulation 2018,87413.7905,4766026.39025437,0.018341021081785196
97,industrial,Simulation 2018,359924.0439403846,4766026.39025437,0.07551868463765994
97,res_total,Simulation 2018,1355785.6670089855,4766026.39025437,0.2844687704166542
98,commercial,Simulation 2018,182399.67419999998,14439963.531563962,0.01263158828630675
98,industrial,Simulation 2018,3588978.7667416665,14439963.531563962,0.24854486362770972
98,res_total,Simulation 2018,2603335.356933295,14439963.531563962,0.18028683737619752
99,res_total,Simulation 2018,295217.62,614092.581729,0.48073796815588304
100,res_total,Simulation 2018,741217.7472822221,1692757.1222492221,0.43787601749821126
101,res_total,Simulation 2018,1295530.2659540535,2857725.7050710535,0.45334311255104937
102,commercial,Simulation 2018,8132.280199999999,2386725.8377363333,0.0034072954972126086
102,industrial,Simulation 2018,417738.1037333333,2386725.8377363333,0.17502559243651247
102,res_total,Simulation 2018,558024.70605,2386725.8377363333,0.23380343784238458
103,commercial,Simulation 2018,946799.8258,2493965.4185969443,0.3796363088036124
103,res_total,Simulation 2018,207641.45762494442,2493965.4185969443,0.08325755284199546
105,commercial,Simulation 2018,2136.9787,531842.49319,0.004018066866343016
105,res_total,Simulation 2018,218902.708625,531842.49319,0.4115931153075377
106,commercial,Simulation 2018,181070.5539,8046176.191455111,0.022503926037848083
106,industrial,Simulation 2018,1389365.3926,8046176.191455111,0.17267399563975247
106,institutional,Simulation 2018,53393.253099999994,8046176.191455111,0.006635854327513065
106,res_total,Simulation 2018,1904008.379116111,8046176.191455111,0.23663518344752782
108,industrial,Simulation 2018,73835.2478,608648.639573,0.12131013362947697
108,res_total,Simulation 2018,200182.26705,608648.639573,0.3288962695956056
109,res_total,Simulation 2018,567642.4108,1179615.4678779999,0.48120970456680007
110,res_total,Simulation 2018,198652.6625376407,455401.3443006407,0.436214484264888
111,res_total,Simulation 2018,276785.9813,573301.420601,0.482793119559762
112,industrial,Simulation 2018,80824.4864,3633954.8591789985,0.02224146681289824
112,res_total,Simulation 2018,1497200.7324229986,3633954.8591789985,0.4120031179367082
113,commercial,Simulation 2018,69955.0935,9194470.8341145,0.007608387123318037
113,industrial,Simulation 2018,3361085.25805,9194470.8341145,0.3655550513662268
113,res_total,Simulation 2018,222980.4031625,9194470.8341145,0.02425157545066864
114,commercial,Simulation 2018,65140.597449999994,4599259.03256072,0.014163280865207498
114,res_total,Simulation 2018,1743025.05903472,4599259.03256072,0.37897953707214
115,commercial,Simulation 2018,59349.443699999996,4403873.935466271,0.013476644556519583
115,res_total,Simulation 2018,1611576.9666212704,4403873.935466271,0.3659452995787539
116,res_total,Simulation 2018,221189.6047,634679.954525,0.34850573603752816
117,commercial,Simulation 2018,345084.644575,4998129.239673704,0.06904276140677154
117,industrial,Simulation 2018,273532.82458333333,4998129.239673704,0.054727041152139264
117,institutional,Simulation 2018,77737.6052,4998129.239673704,0.015553340354415286
117,res_total,Simulation 2018,1186323.2498683701,4998129.239673704,0.23735345625952994
118,res_total,Simulation 2018,149548.1904,342131.371347,0.437107505842613
119,res_total,Simulation 2018,352835.36124999996,729646.398936,0.48357034553246453
120,commercial,Simulation 2018,50232.93445,2027780.5154475388,0.02477237258536011
120,res_total,Simulation 2018,812473.6334265387,2027780.5154475388,0.40067138787317064
121,res_total,Simulation 2018,70495.2141,164064.049901,0.429681055310645
122,commercial,Simulation 2018,86544.49341842104,5522318.157094483,0.015671768803693056
122,industrial,Simulation 2018,68279.0846,5522318.157094483,0.012364206961216522
122,res_total,Simulation 2018,1910838.5368200624,5522318.157094483,0.3460210879674185
123,commercial,Simulation 2018,169298.63749999998,9494770.479465432,0.017830724593727275
123,industrial,Simulation 2018,272228.45594,9494770.479465432,0.028671409859643792
123,res_total,Simulation 2018,3363093.128543432,9494770.479465432,0.3542047841827113
124,commercial,Simulation 2018,3944520.1442438923,19191685.40834028,0.20553276381498478
124,industrial,Simulation 2018,2569146.94525,19191685.40834028,0.13386770836361803
124,res_total,Simulation 2018,1269621.056689387,19191685.40834028,0.06615474512403366
125,commercial,Simulation 2018,7604.5153,1425217.7065125364,0.0053356867973581475
125,res_total,Simulation 2018,568429.0461745365,1425217.7065125364,0.3988366433963726
126,commercial,Simulation 2018,37477.8109,2354228.285301606,0.0159193614034752
126,res_total,Simulation 2018,845433.400205606,2354228.285301606,0.35911275277932336
127,res_total,Simulation 2018,181812.87135,445075.72566700005,0.4084987359792119
128,commercial,Simulation 2018,149275.9005,3590262.8919493593,0.04157798606746303
128,res_total,Simulation 2018,1147154.3215893595,3590262.8919493593,0.31951819577382085
129,res_total,Simulation 2018,410779.2395625,832429.1669745,0.4934705027882372
130,commercial,Simulation 2018,74069.57876,5269525.080855788,0.014056215242070898
130,industrial,Simulation 2018,256803.87256666666,5269525.080855788,0.048733779349421164
130,res_total,Simulation 2018,1714246.3982571212,5269525.080855788,0.3253132629513402
131,commercial,Simulation 2018,7413.141299999999,675469.2205825715,0.010974802513734663
131,res_total,Simulation 2018,240710.82635857142,675469.2205825715,0.35636091034757394
132,commercial,Simulation 2018,316.0458,1751133.5149358094,1.804806985329072e-4
132,res_total,Simulation 2018,765080.9643838095,1751133.5149358094,0.43690612843524657
133,institutional,Simulation 2018,29108.6357,1927034.2013897223,0.015105406888475397
133,res_total,Simulation 2018,748780.0232747222,1927034.2013897223,0.3885660268690215
135,commercial,Simulation 2018,91178.2843,6733408.692305504,0.013541177799617679
135,industrial,Simulation 2018,507445.9741196078,6733408.692305504,0.07536242003243968
135,institutional,Simulation 2018,83208.1146,6733408.692305504,0.012357502477918019
135,res_total,Simulation 2018,1757295.587766897,6733408.692305504,0.26098157234611624
136,commercial,Simulation 2018,677398.5098386364,3992054.0223703226,0.1696867091584157
136,res_total,Simulation 2018,644010.039828686,3992054.0223703226,0.16132297714906638
137,res_total,Simulation 2018,724435.0130908845,1779468.3300578846,0.4071075617666763
138,res_total,Simulation 2018,48113.39308,119025.04524100001,0.40422915179389995
139,industrial,Simulation 2018,52785.083249999996,429472.3279441978,0.12290683197837712
139,res_total,Simulation 2018,129531.4480021978,429472.3279441978,0.3016060397237702
140,commercial,Simulation 2018,418880.2473,6696612.906766689,0.06255106172804709
140,res_total,Simulation 2018,2273124.968395689,6696612.906766689,0.33944398459985303
141,res_total,Simulation 2018,726832.0419,1570394.626408,0.46283400979440414
142,commercial,Simulation 2018,17268.9952,1644371.9466226667,0.010501878991227226
142,res_total,Simulation 2018,693863.3306866667,1644371.9466226667,0.4219625201656929
143,commercial,Simulation 2018,4511.4098,1897649.8577029998,0.00237736681595245
143,res_total,Simulation 2018,762569.2319499999,1897649.8577029998,0.4018492815492568
144,commercial,Simulation 2018,14501.92225,2527665.230593492,0.005737279634374277
144,industrial,Simulation 2018,201509.02262272727,2527665.230593492,0.07972140463213685
144,institutional,Simulation 2018,25241.193216666667,2527665.230593492,0.009985971603818783
144,res_total,Simulation 2018,763281.135215098,2527665.230593492,0.3019708171702314
145,commercial,Simulation 2018,80109.0635,4085896.952753366,0.01960623687438247
145,res_total,Simulation 2018,1518063.406788366,4085896.952753366,0.37153736972377327
146,commercial,Simulation 2018,8365.1805,1843977.9925991963,0.004536486082574545
146,industrial,Simulation 2018,183315.0179,1843977.9925991963,0.09941280136516523
146,res_total,Simulation 2018,489672.39809619624,1843977.9925991963,0.26555219208770164
148,commercial,Simulation 2018,62028.26164999999,5157847.404313665,0.012025997821906066
148,institutional,Simulation 2018,61189.885599999994,5157847.404313665,0.011863454034879943
148,res_total,Simulation 2018,1947928.0110936647,5157847.404313665,0.3776629780602957
149,res_total,Simulation 2018,381664.4144,805589.350476,0.4737704317646271
150,commercial,Simulation 2018,25444.14875,5370279.850347206,0.00473795583452787
150,res_total,Simulation 2018,2240257.967464206,5370279.850347206,0.4171585149923548
151,commercial,Simulation 2018,6632.6884,1374593.400744,0.004825200234782192
151,res_total,Simulation 2018,587171.5701,1374593.400744,0.4271601840822114
154,commercial,Simulation 2018,20046.322670588233,4718033.27474563,0.004248872677073058
154,institutional,Simulation 2018,19358.9665,4718033.27474563,0.00410318566501499
154,res_total,Simulation 2018,1950618.533589042,4718033.27474563,0.4134389098165503
155,commercial,Simulation 2018,70413.74227460318,1926870.8922117902,0.03654305151383423
155,res_total,Simulation 2018,759040.6482431871,1926870.8922117902,0.3939239786698474
157,commercial,Simulation 2018,8459.0095,1512687.4733866493,0.005592040423962605
157,industrial,Simulation 2018,155573.59149999998,1512687.4733866493,0.10284582521973111
157,res_total,Simulation 2018,499697.68937764934,1512687.4733866493,0.33033769246393735
158,commercial,Simulation 2018,133749.059,5162883.883888919,0.025905881675427907
158,industrial,Simulation 2018,920137.57225,5162883.883888919,0.17822162824954152
158,res_total,Simulation 2018,932846.7685969195,5162883.883888919,0.1806832750021596
159,commercial,Simulation 2018,11561.404999999999,1113343.006438527,0.010384405284929914
159,res_total,Simulation 2018,420633.62088152696,1113343.006438527,0.3778113469514592
160,commercial,Simulation 2018,2103.6276,558800.241834,0.0037645431095302104
160,res_total,Simulation 2018,235718.79309999998,558800.241834,0.4218301558466823
162,industrial,Simulation 2018,33365.034999999996,522824.92703271325,0.06381684054232621
162,res_total,Simulation 2018,198909.28984671328,522824.92703271325,0.38045104500969495
163,institutional,Simulation 2018,45556.720049999996,4547203.548903427,0.010018623437472058
163,res_total,Simulation 2018,2008253.0337164276,4547203.548903427,0.4416457306382786
164,commercial,Simulation 2018,37977.41747821429,2153191.1655408083,0.01763773606635417
164,res_total,Simulation 2018,920200.9726145943,2153191.1655408083,0.42736612862865386
165,res_total,Simulation 2018,109226.43179999999,398047.551738,0.274405485784508
166,commercial,Simulation 2018,29186.34655,2681641.288008118,0.010883762373631698
166,res_total,Simulation 2018,1023207.969830118,2681641.288008118,0.381560343065176
167,commercial,Simulation 2018,62789.530699999996,3581062.0025325925,0.017533773683782658
167,industrial,Simulation 2018,688714.5181592592,3581062.0025325925,0.19232130515254628
167,institutional,Simulation 2018,33616.1437,3581062.0025325925,0.009387199572703866
167,res_total,Simulation 2018,761042.8075333333,3581062.0025325925,0.21251874639286053
168,commercial,Simulation 2018,486648.47479999997,6565854.5317724,0.07411807137137914
168,res_total,Simulation 2018,2073684.8507024003,6565854.5317724,0.315828631394096
169,commercial,Simulation 2018,65268.102699999996,2826562.271381842,0.023090983475163952
169,res_total,Simulation 2018,1046111.550441842,2826562.271381842,0.37010030206425343
170,commercial,Simulation 2018,16205.3831,2681799.3826766093,0.00604272758233913
170,res_total,Simulation 2018,981438.1962466093,2681799.3826766093,0.36596257072259836
171,commercial,Simulation 2018,47536.4655,3101595.8088358315,0.015326454002993567
171,industrial,Simulation 2018,377893.72726666665,3101595.8088358315,0.12183848269014369
171,institutional,Simulation 2018,54621.0195,3101595.8088358315,0.017610618167717258
171,res_total,Simulation 2018,739432.1956751648,3101595.8088358315,0.23840378993570635
172,commercial,Simulation 2018,15712.22345,2593791.661861,0.00605762740355436
172,res_total,Simulation 2018,1139768.013025,2593791.661861,0.4394215733607673
174,commercial,Simulation 2018,169938.6256,7976055.908124853,0.021306097594788808
174,industrial,Simulation 2018,314817.7549,7976055.908124853,0.03947035458707219
174,institutional,Simulation 2018,121116.6099,7976055.908124853,0.01518502519229133
174,res_total,Simulation 2018,2547027.796828853,7976055.908124853,0.3193342456682518
175,commercial,Simulation 2018,67089.2214,384356.70454,0.17454937199623644
175,res_total,Simulation 2018,42471.557499999995,384356.70454,0.11050036853352191
176,res_total,Simulation 2018,578777.63705,1320715.9524329999,0.43823021595505524
177,commercial,Simulation 2018,850637.1778,8471487.886523334,0.1004117799841532
177,res_total,Simulation 2018,2840946.672380335,8471487.886523334,0.33535392016552223
178,commercial,Simulation 2018,17349.7253,2916116.667831,0.005949599167753696
178,res_total,Simulation 2018,1089703.33441,2916116.667831,0.37368303759277177
179,res_total,Simulation 2018,732361.4864258717,1659518.0974308718,0.44130973175866717
180,commercial,Simulation 2018,52498.3474,1244682.5427486273,0.04217810212399068
180,res_total,Simulation 2018,506776.0548236274,1244682.5427486273,0.40715285819347635
181,res_total,Simulation 2018,179857.6515,684219.212715,0.2628655380580736
182,commercial,Simulation 2018,8168.9757,2180922.913819475,0.0037456508197685813
182,industrial,Simulation 2018,24303.197399999997,2180922.913819475,0.011143538015948272
182,res_total,Simulation 2018,936924.6428274751,2180922.913819475,0.42960007292812946
184,res_total,Simulation 2018,11359.161699999999,439860.871168,0.025824442328405004
185,res_total,Simulation 2018,291092.07090581197,665211.058360812,0.4375935535754773
186,commercial,Simulation 2018,24596.482699999997,6689383.107011301,0.003676943345376622
186,res_total,Simulation 2018,2883799.6129423017,6689383.107011301,0.4311009799871864
187,commercial,Simulation 2018,51466.321299999996,6541609.308644432,0.007867532112012507
187,industrial,Simulation 2018,1028158.9517,6541609.308644432,0.15717217326649818
187,res_total,Simulation 2018,1775669.826425432,6541609.308644432,0.27144235350144913
189,commercial,Simulation 2018,10104.9188,2139771.8939831615,0.004722428044042492
189,res_total,Simulation 2018,797880.7308811616,2139771.8939831615,0.372881209032013
190,res_total,Simulation 2018,298690.1242019715,619460.1213249716,0.4821781320855638
191,commercial,Simulation 2018,13890.9654,3218830.070129228,0.004315532382062752
191,res_total,Simulation 2018,1338248.9734472276,3218830.070129228,0.4157563289426771
192,commercial,Simulation 2018,35010.6656,1697519.7634061584,0.02062459969817927
192,industrial,Simulation 2018,31605.2303,1697519.7634061584,0.018618475602653676
192,res_total,Simulation 2018,580905.5215271583,1697519.7634061584,0.3422083996015117
193,res_total,Simulation 2018,564886.9968,1187860.419399,0.47554997841059937
194,commercial,Simulation 2018,17313.680099999998,730145.0362875614,0.02371265877260741
194,res_total,Simulation 2018,254203.24768556148,730145.0362875614,0.34815445569289016
195,res_total,Simulation 2018,265.3224,95372.074463,0.0027819715728521033
196,commercial,Simulation 2018,15650.491399999999,2048771.156980452,0.007638965116565884
196,industrial,Simulation 2018,384933.7202333333,2048771.156980452,0.18788517151943002
196,res_total,Simulation 2018,354769.7329481185,2048771.156980452,0.1731622059102931
198,commercial,Simulation 2018,16654.5546,1453507.9989099992,0.011458178842145639
198,res_total,Simulation 2018,551796.5709789993,1453507.9989099992,0.379630914582374
199,commercial,Simulation 2018,1062837.7810371104,35731379.18342126,0.0297452212964186
199,industrial,Simulation 2018,1440411.782675,35731379.18342126,0.040312235788069604
199,res_total,Simulation 2018,12300513.233954148,35731379.18342126,0.3442496067899157
200,res_total,Simulation 2018,14481.3449,52533.949185000005,0.275656887111294
201,commercial,Simulation 2018,12881.3282,3487312.60360254,0.003693769290052474
201,res_total,Simulation 2018,1443656.3300355403,3487312.60360254,0.4139738802148631
202,commercial,Simulation 2018,32853.2489,3327631.3158656666,0.009872863241597842
202,industrial,Simulation 2018,294143.03021666664,3327631.3158656666,0.08839411650390326
202,res_total,Simulation 2018,1002209.4734,3327631.3158656666,0.30117803875135135
203,commercial,Simulation 2018,16144.162,1691728.791536213,0.009542996537488687
203,res_total,Simulation 2018,353827.35698721284,1691728.791536213,0.20915134787409503
204,commercial,Simulation 2018,2714.4451,874198.164047,0.0031050684062681943
204,res_total,Simulation 2018,377681.1411,874198.164047,0.4320314965563054
205,commercial,Simulation 2018,98220.1972,5671204.289412428,0.01731910758061869
205,res_total,Simulation 2018,2450950.7205064283,5671204.289412428,0.43217464852784593
206,res_total,Simulation 2018,13041.1162,40877.734993000005,0.31902736788702185
207,commercial,Simulation 2018,15117.988599999999,3131193.6969793565,0.00482818696734866
207,res_total,Simulation 2018,1444894.8309323564,3131193.6969793565,0.4614517563465453
208,commercial,Simulation 2018,1004.6206,628864.746769,0.0015975145771194358
208,res_total,Simulation 2018,260180.43145,628864.746769,0.4137303494698388
209,commercial,Simulation 2018,11562.333999999999,871199.9467382252,0.013271734052888097
209,res_total,Simulation 2018,308628.0616782251,871199.9467382252,0.3542562908018181
210,commercial,Simulation 2018,25396.1659,3850005.1307494245,0.006596397936502619
210,res_total,Simulation 2018,1633226.7504934245,3850005.1307494245,0.4242141750537117
211,commercial,Simulation 2018,292741.4634,5177972.378997021,0.05653592602915822
211,res_total,Simulation 2018,1822142.081913021,5177972.378997021,0.3519026268475329
212,commercial,Simulation 2018,38410.898499999996,1394652.4307177407,0.02754155634334807
212,res_total,Simulation 2018,524444.8339507408,1394652.4307177407,0.37603980920238433
213,commercial,Simulation 2018,95747.20848999999,3668895.9338057176,0.02609700853266834
213,industrial,Simulation 2018,269984.888425,3668895.9338057176,0.0735875024247272
213,institutional,Simulation 2018,51177.5881,3668895.9338057176,0.01394904326079205
213,res_total,Simulation 2018,1045679.0745817176,3668895.9338057176,0.2850119200565721
214,commercial,Simulation 2018,58145.2739,6036929.803881114,0.009631596819730895
214,industrial,Simulation 2018,645231.9743852941,6036929.803881114,0.10688081447799468
214,res_total,Simulation 2018,1608485.0676658202,6036929.803881114,0.2664409095218786
215,res_total,Simulation 2018,271980.025071929,697681.452313929,0.3898341057654328
216,commercial,Simulation 2018,190228.52176571428,4964992.284832636,0.0383139612012764
216,industrial,Simulation 2018,139352.04379999998,4964992.284832636,0.028066920511780287
216,res_total,Simulation 2018,1638360.8463639219,4964992.284832636,0.32998255634130336
217,res_total,Simulation 2018,316656.153,882593.915518,0.3587789893318633
218,industrial,Simulation 2018,464.5,118446.764421,0.003921592981206387
218,res_total,Simulation 2018,2670.4105,118446.764421,0.02254523804895552
219,res_total,Simulation 2018,126589.8134,284135.371121,0.44552641545670607
220,commercial,Simulation 2018,19684.2094,3625426.4457003362,0.005429488005016616
220,industrial,Simulation 2018,101827.5042,3625426.4457003362,0.02808704182118074
220,institutional,Simulation 2018,15009.016899999999,3625426.4457003362,0.004139931432838835
220,res_total,Simulation 2018,1444435.0095733362,3625426.4457003362,0.39841796026130927
221,commercial,Simulation 2018,128770.7338,6740252.293891974,0.019104734983984534
221,industrial,Simulation 2018,599974.2739333333,6740252.293891974,0.08901362260238105
221,res_total,Simulation 2018,2078006.34354864,6740252.293891974,0.30829800620842224
222,commercial,Simulation 2018,74105.19778125,6946374.274880122,0.010668183839335215
222,industrial,Simulation 2018,195266.6958,6946374.274880122,0.02811059238574786
222,res_total,Simulation 2018,2439946.088756873,6946374.274880122,0.35125462467237706
224,res_total,Simulation 2018,8419.7128,212443.898197,0.039632641235910523
225,res_total,Simulation 2018,136978.6717778525,345772.7759038525,0.39615227491461485
226,commercial,Simulation 2018,80816.497,6721097.329034266,0.012024300950215859
226,industrial,Simulation 2018,289251.30329999997,6721097.329034266,0.04303632117488791
226,institutional,Simulation 2018,56593.42585,6721097.329034266,0.008420265780934872
226,res_total,Simulation 2018,2402707.136164266,6721097.329034266,0.35748732960388535
227,institutional,Simulation 2018,15427.810099999999,3952661.0508713117,0.003903145223291823
227,res_total,Simulation 2018,1666030.812681312,3952661.0508713117,0.4214959975670207
228,commercial,Simulation 2018,24406.4093,3942817.4338074927,0.006190093685476901
228,industrial,Simulation 2018,597456.1349385714,3942817.4338074927,0.15153025595750727
228,res_total,Simulation 2018,984688.4957499215,3942817.4338074927,0.24974235106773113
229,commercial,Simulation 2018,75865.71665,12840681.018224757,0.0059082315449098
229,res_total,Simulation 2018,5187372.0932097575,12840681.018224757,0.40397951524902215
230,commercial,Simulation 2018,65588.7935,3589042.7004683674,0.01827473200345059
230,industrial,Simulation 2018,55568.2279,3589042.7004683674,0.01548274359977617
230,res_total,Simulation 2018,1527437.6264143672,3589042.7004683674,0.4255835758696985
231,res_total,Simulation 2018,1051127.8507309523,2440609.180607952,0.4306825767446789
232,commercial,Simulation 2018,40873.3988,3560827.42294104,0.011478623911023724
232,industrial,Simulation 2018,179118.38426666666,3560827.42294104,0.050302461476418626
232,res_total,Simulation 2018,1232696.8360933731,3560827.42294104,0.34618269567111903
233,commercial,Simulation 2018,25232.8477,2085760.4826346687,0.012097672724207833
233,institutional,Simulation 2018,30883.5831,2085760.4826346687,0.014806869416275835
233,res_total,Simulation 2018,709426.9252196689,2085760.4826346687,0.34012866344247855
235,commercial,Simulation 2018,28602.1449,5303999.054893725,0.0053925622165430604
235,industrial,Simulation 2018,695008.3882166666,5303999.054893725,0.13103478734133983
235,res_total,Simulation 2018,1510776.1323360577,5303999.054893725,0.2848371797770482
236,commercial,Simulation 2018,113994.6172,2130867.139737258,0.05349682064835626
236,res_total,Simulation 2018,880040.5295482582,2130867.139737258,0.41299643376957307
237,commercial,Simulation 2018,90188.94575,2083256.1562961428,0.04329229772221026
237,institutional,Simulation 2018,53858.44985,2083256.1562961428,0.02585301365231814
237,res_total,Simulation 2018,665563.1647571429,2083256.1562961428,0.3194821542927583
238,res_total,Simulation 2018,481300.5297869974,1023433.7566149975,0.4702801003739575
239,commercial,Simulation 2018,228556.48179999998,1047423.2563075426,0.2182083321366426
239,res_total,Simulation 2018,244298.5090955425,1047423.2563075426,0.233237621586485
240,commercial,Simulation 2018,198457.99237727272,11739258.21909213,0.016905496810225264
240,industrial,Simulation 2018,1440969.7851588235,11739258.21909213,0.12274794184314847
240,res_total,Simulation 2018,3207037.378139035,11739258.21909213,0.27318909919906803
241,commercial,Simulation 2018,2834.6576999999997,3462659.3672185405,8.186360249108196e-4
241,res_total,Simulation 2018,1525845.3998515406,3462659.3672185405,0.44065708983589985
243,res_total,Simulation 2018,65150.0268,257884.175122,0.2526328991268223
244,industrial,Simulation 2018,1641932.01875,3544407.113876,0.46324588739312705
244,res_total,Simulation 2018,1982.3930999999998,3544407.113876,5.593017495758681e-4
245,commercial,Simulation 2018,10541.577831249999,5331608.229267922,0.0019771853778343825
245,res_total,Simulation 2018,2154104.4599006716,5331608.229267922,0.4040252710384254
246,commercial,Simulation 2018,12521.6194,590690.069754,0.021198290002089892
246,res_total,Simulation 2018,209769.2219,590690.069754,0.3551256955908551
247,commercial,Simulation 2018,161056.2708,5995974.423733816,0.02686073345518158
247,institutional,Simulation 2018,28982.4775,5995974.423733816,0.004833655958450873
247,res_total,Simulation 2018,2269158.599529816,5995974.423733816,0.3784470111393111
248,commercial,Simulation 2018,46158.6656,4060544.555618804,0.011367604755408399
248,res_total,Simulation 2018,1623679.360132804,4060544.555618804,0.3998673916497302
250,res_total,Simulation 2018,115539.63709999999,467401.109621,0.24719589817338525
251,commercial,Simulation 2018,19276.6571,1146984.3250774415,0.016806382335432954
251,res_total,Simulation 2018,365585.06100844155,1146984.3250774415,0.3187358824487494
252,commercial,Simulation 2018,61215.29375,3374523.1414961666,0.018140427901424585
252,industrial,Simulation 2018,82806.36855,3374523.1414961666,0.024538687416820037
252,institutional,Simulation 2018,41646.2339,3374523.1414961666,0.012341368588610496
252,res_total,Simulation 2018,1070888.5118541666,3374523.1414961666,0.31734513795017727
253,commercial,Simulation 2018,19153.1001,4412237.705701324,0.004340903953395598
253,res_total,Simulation 2018,1718148.129134324,4412237.705701324,0.3894051598612194
254,commercial,Simulation 2018,105981.01896190476,3361489.3441405557,0.031527994918871684
254,res_total,Simulation 2018,1180515.1750286508,3361489.3441405557,0.3511881354276544
255,commercial,Simulation 2018,17386.3279,1254037.9301230346,0.013864275938044564
255,res_total,Simulation 2018,474601.0879820346,1254037.9301230346,0.37845831978580674
256,commercial,Simulation 2018,94028.36412102838,2902888.1440339587,0.032391314944144954
256,res_total,Simulation 2018,1077570.1969509304,2902888.1440339587,0.371206241330918
257,commercial,Simulation 2018,26925.9502,2160303.5284889997,0.012463966218132809
257,res_total,Simulation 2018,871628.2115,2160303.5284889997,0.4034748821197596
258,res_total,Simulation 2018,105380.49389714285,225545.87924714285,0.4672242040018462
259,commercial,Simulation 2018,110179.0284,5714098.799106649,0.01928196068594851
259,res_total,Simulation 2018,2286862.377534649,5714098.799106649,0.40021400713130484
260,commercial,Simulation 2018,259621.3411861111,16863981.183358587,0.015395020805781376
260,industrial,Simulation 2018,1004648.3278070518,16863981.183358587,0.059573615321537536
260,institutional,Simulation 2018,103226.4853,16863981.183358587,0.006121121944909671
260,res_total,Simulation 2018,5676858.480787424,16863981.183358587,0.3366262342838333
261,commercial,Simulation 2018,49237,1341697.0219445196,0.03669755480908863
261,res_total,Simulation 2018,441904.1641115196,1341697.0219445196,0.32936211147809547
262,commercial,Simulation 2018,1052020.17735,11471294.825146507,0.09170893028081195
262,institutional,Simulation 2018,225765.4871,11471294.825146507,0.0196809070415568
262,res_total,Simulation 2018,3575628.8948935075,11471294.825146507,0.31170229249581166
263,commercial,Simulation 2018,528418.0799,4794830.379176861,0.11020579209534305
263,industrial,Simulation 2018,236814.0841,4794830.379176861,0.04938946018371028
263,res_total,Simulation 2018,1390244.6096428605,4794830.379176861,0.28994656738650404
264,res_total,Simulation 2018,15289.853599999999,30844.324180999996,0.49571044287682914
265,industrial,Simulation 2018,127091.4734,1338329.2873920293,0.09496278277497772
265,res_total,Simulation 2018,311347.76897202944,1338329.2873920293,0.232639135902604
266,commercial,Simulation 2018,325238.02275,8329872.736415273,0.03904477691816032
266,institutional,Simulation 2018,54770.9601,8329872.736415273,0.006575245725010975
266,res_total,Simulation 2018,3104126.7004592726,8329872.736415273,0.3726499550094112
267,commercial,Simulation 2018,10333.499249999999,1180736.6773610476,0.008751739018639975
267,res_total,Simulation 2018,473402.6941490476,1180736.6773610476,0.4009384168594686
268,commercial,Simulation 2018,24224.83625,950533.021428661,0.02548552833397605
268,res_total,Simulation 2018,303301.03879066097,950533.021428661,0.31908522055845717
269,commercial,Simulation 2018,19260.957,2460417.1254675467,0.00782832992041538
269,res_total,Simulation 2018,949307.1596595467,2460417.1254675467,0.38583179650042154
271,res_total,Simulation 2018,119858.46519999999,487573.463059,0.2458264739184467
272,commercial,Simulation 2018,15970.57835,2767157.249538065,0.005771474806018359
272,industrial,Simulation 2018,841303.9625900649,2767157.249538065,0.304031858952182
272,res_total,Simulation 2018,297807.462975,2767157.249538065,0.10762216821061196
273,commercial,Simulation 2018,40341.825,5602320.550303296,0.007200913378263582
273,industrial,Simulation 2018,641837.669325,5602320.550303296,0.11456639504325622
273,institutional,Simulation 2018,37187.5913,5602320.550303296,0.006637890667999487
273,res_total,Simulation 2018,1458171.8843042965,5602320.550303296,0.26027998062791224
274,commercial,Simulation 2018,16276.5445,1249846.0396993333,0.01302283960024031
274,res_total,Simulation 2018,505213.5055133333,1249846.0396993333,0.4042205915497152
275,commercial,Simulation 2018,43989.822199999995,2490080.0341507467,0.017666027435541014
275,industrial,Simulation 2018,15381.8246,2490080.0341507467,0.006177241048095887
275,res_total,Simulation 2018,933964.8768907464,2490080.0341507467,0.3750742402178569
276,res_total,Simulation 2018,232470.56789873017,515992.03620173014,0.45053130976588257
277,industrial,Simulation 2018,72890.82639999999,875235.283253,0.08328140763371145
277,res_total,Simulation 2018,340695.4215,875235.283253,0.3892615254651666
278,commercial,Simulation 2018,9016.3166,3067580.3775909212,0.0029392274986061915
278,res_total,Simulation 2018,1318806.0908699213,3067580.3775909212,0.42991737087118354
279,res_total,Simulation 2018,923763.4904524871,2051484.4862314872,0.450290263783282
280,commercial,Simulation 2018,231861.4922,5004196.897638016,0.04633340712661382
280,res_total,Simulation 2018,1829379.1623450161,5004196.897638016,0.36556898135013116
281,commercial,Simulation 2018,2381.1199,1276997.9074727579,0.0018646231807163682
281,res_total,Simulation 2018,532759.2977997578,1276997.9074727579,0.41719668817164696
282,commercial,Simulation 2018,27545.4074,5886084.00359577,0.004679750982686059
282,industrial,Simulation 2018,809380.0990819872,5886084.00359577,0.13750739856711902
282,res_total,Simulation 2018,1544120.8021297837,5886084.00359577,0.2623341429015438
283,res_total,Simulation 2018,22156.9287,412141.240174,0.053760523190170606
284,commercial,Simulation 2018,19326.823099999998,5007358.42902291,0.0038596843772917724
284,industrial,Simulation 2018,584024.72195,5007358.42902291,0.1166332968227244
284,res_total,Simulation 2018,1548719.5787629106,5007358.42902291,0.3092887399045475
285,commercial,Simulation 2018,67409.91219999999,4207204.453228507,0.0160224949724683
285,industrial,Simulation 2018,62068.7196,4207204.453228507,0.014752960140163847
285,res_total,Simulation 2018,1450157.3330565074,4207204.453228507,0.34468430264749594
286,commercial,Simulation 2018,11409.1419,2727292.294740919,0.004183322015759158
286,res_total,Simulation 2018,1123332.401697919,2727292.294740919,0.4118855921178888
287,res_total,Simulation 2018,479105.90556204686,1028559.1455660469,0.465802970716264
288,res_total,Simulation 2018,236782.73622734693,699524.589569347,0.3384909405016328
289,commercial,Simulation 2018,562903.7915406162,14710579.507116385,0.03826523566038347
289,res_total,Simulation 2018,5372789.853797767,14710579.507116385,0.3652330522532187
290,commercial,Simulation 2018,18813.829299999998,2099306.423729376,0.00896192622827191
290,res_total,Simulation 2018,851027.5775583758,2099306.423729376,0.4053851157405322
291,res_total,Simulation 2018,12793.259,104749.670333,0.12213173520575417
293,res_total,Simulation 2018,160115.24025,695840.38975,0.23010340102207327
294,industrial,Simulation 2018,610189.54245,1392035.7535485714,0.4383432975011651
294,res_total,Simulation 2018,47922.73042857143,1392035.7535485714,0.03442636462921805
296,res_total,Simulation 2018,492649.2247129629,1053653.187609963,0.4675629804057783
297,res_total,Simulation 2018,469644.3558639535,1073869.8601599536,0.4373382411477678
298,commercial,Simulation 2018,17378.6172,4879870.111486472,0.003561286838166733
298,industrial,Simulation 2018,219819.05099999998,4879870.111486472,0.04504608646910076
298,res_total,Simulation 2018,1906102.351462472,4879870.111486472,0.3906051406933551
299,commercial,Simulation 2018,37796.4579,2623279.4032588927,0.014408094636448395
299,institutional,Simulation 2018,36801.0344,2623279.4032588927,0.014028636962681968
299,res_total,Simulation 2018,1091738.1386018929,2623279.4032588927,0.4161730303091732
300,res_total,Simulation 2018,62004.432799999995,143891.273769,0.43091169586517525
301,commercial,Simulation 2018,192402.35655,9047114.297691835,0.021266710049091243
301,industrial,Simulation 2018,1032160.9598333333,9047114.297691835,0.11408731291221397
301,res_total,Simulation 2018,2539791.155574501,9047114.297691835,0.28072942067532747
302,commercial,Simulation 2018,66793.05619999999,3891976.545974803,0.01716173142643404
302,industrial,Simulation 2018,44543.5991,3891976.545974803,0.011444981379979872
302,res_total,Simulation 2018,1632199.765493803,3891976.545974803,0.41937553996358795
303,commercial,Simulation 2018,8113.9789,1000460.673818,0.008110242723519649
303,res_total,Simulation 2018,378238.7269,1000460.673818,0.37806456245456355
304,commercial,Simulation 2018,16337.9514,1270208.702885782,0.012862414942427864
304,res_total,Simulation 2018,533698.401263782,1270208.702885782,0.42016591450780866
305,commercial,Simulation 2018,10577.7798,2643525.859832,0.004001390703502417
305,res_total,Simulation 2018,1183072.83243,2643525.859832,0.44753594069444286
306,commercial,Simulation 2018,10160.9375,1158681.75473,0.008769394580108614
306,res_total,Simulation 2018,486163.30455,1158681.75473,0.4195831189758291
309,commercial,Simulation 2018,5889.7671,1456448.3588173636,0.004043924430511558
309,res_total,Simulation 2018,620876.5515363637,1456448.3588173636,0.4262949302510908
311,commercial,Simulation 2018,4654.527411111111,3177832.136882265,0.0014646863681344777
311,res_total,Simulation 2018,1302791.7039461539,3177832.136882265,0.4099624045039421
312,commercial,Simulation 2018,6591.905299999999,691991.144764,0.009525996611196715
312,res_total,Simulation 2018,300089.80695,691991.144764,0.4336613397738552
313,institutional,Simulation 2018,23984.6433,1314011.554338,0.01825299269311485
313,res_total,Simulation 2018,556437.32375,1314011.554338,0.4234645592826111
314,res_total,Simulation 2018,520613.31865,1142686.1395669999,0.45560482500232036
315,commercial,Simulation 2018,22297.1148,1278411.3134114281,0.01744126836651685
315,res_total,Simulation 2018,531457.3276764281,1278411.3134114281,0.415717009151178
316,commercial,Simulation 2018,876409.7744999999,6395624.470944016,0.13703271329979116
316,institutional,Simulation 2018,77981.189,6395624.470944016,0.012192896777207075
316,res_total,Simulation 2018,1652282.3864000165,6395624.470944016,0.25834574776966757
317,commercial,Simulation 2018,1152.4244999999999,1910901.748498,6.030788871828833e-4
317,industrial,Simulation 2018,705286.6738999999,1910901.748498,0.3690857860454452
317,res_total,Simulation 2018,141980.6493,1910901.748498,0.07430033983254195
318,commercial,Simulation 2018,115558.63749595959,8565725.347361855,0.013490817509290128
318,res_total,Simulation 2018,3215901.506907895,8565725.347361855,0.37543831683773937
319,res_total,Simulation 2018,2064715.47696875,4472226.301494749,0.46167508926788015
320,commercial,Simulation 2018,310492.4238,4046191.953427658,0.07673694856146702
320,industrial,Simulation 2018,23096.5193,4046191.953427658,0.005708211465458084
320,res_total,Simulation 2018,1384019.973317658,4046191.953427658,0.342054946786499
321,commercial,Simulation 2018,701485.05726,7076290.403788429,0.09913175085132833
321,res_total,Simulation 2018,2203123.9660564284,7076290.403788429,0.3113388287282477
322,industrial,Simulation 2018,84982.97456470587,1087313.243830544,0.07815868614394468
322,res_total,Simulation 2018,398877.62502683816,1087313.243830544,0.3668470215828647
323,commercial,Simulation 2018,63404.8074,1543450.3953094906,0.04107991263774055
323,res_total,Simulation 2018,649340.8715044907,1543450.3953094906,0.42070731490809316
324,commercial,Simulation 2018,4699.9039,1535019.095435,0.003061788556231688
324,res_total,Simulation 2018,619168.8384,1535019.095435,0.40336230359697084
325,institutional,Simulation 2018,8923.8811,1197998.360103,0.007448992750902226
325,res_total,Simulation 2018,584926.1771,1197998.360103,0.48825290299204577
326,res_total,Simulation 2018,17823.6082,44005.996175,0.40502680882669506
327,commercial,Simulation 2018,4312.510899999999,1465649.2118226103,0.0029423895330569377
327,institutional,Simulation 2018,6486.3709,1465649.2118226103,0.004425595734421242
327,res_total,Simulation 2018,627585.9046106103,1465649.2118226103,0.42819652857464774
328,commercial,Simulation 2018,404293.27509999997,4750635.61860975,0.085102985696536
328,res_total,Simulation 2018,1677255.41153475,4750635.61860975,0.353059158013384
329,commercial,Simulation 2018,104918.70525,7003013.603247293,0.01498193651963624
329,res_total,Simulation 2018,2705351.757104293,7003013.603247293,0.38631250921029525
331,commercial,Simulation 2018,6415.7669,2410819.824247,0.002661238652292862
331,industrial,Simulation 2018,380265.07718333334,2410819.824247,0.15773268220162662
331,res_total,Simulation 2018,609323.9312166666,2410819.824247,0.25274552875679296
332,commercial,Simulation 2018,34158.4939,3519742.531038333,0.009704827440864873
332,industrial,Simulation 2018,394547.8793,3519742.531038333,0.11209566490183227
332,institutional,Simulation 2018,15423.258,3519742.531038333,0.0043819279006894005
332,res_total,Simulation 2018,891643.6016583333,3519742.531038333,0.25332637083408943
333,res_total,Simulation 2018,382941.70210188924,808931.5931588892,0.4733919472801112
334,commercial,Simulation 2018,18088.2803,3505290.021346601,0.0051602806586175595
334,institutional,Simulation 2018,11991.9036,3505290.021346601,0.0034210874212893686
334,res_total,Simulation 2018,1577782.8415176012,3505290.021346601,0.4501147784945555
335,commercial,Simulation 2018,584376.1435235294,9768176.317658853,0.05982448765457863
335,institutional,Simulation 2018,34896.027,9768176.317658853,0.0035724198525076954
335,res_total,Simulation 2018,2999974.813776324,9768176.317658853,0.30711718505254526
