id.num,usetype,variable,Energy Atlas 2016,Simulation 2018
64,res_total,kwh.per.m2,59.23793887533706,76.49567706157139
64,res_total,m2,449924.676753,52641.3205
64,res_total,usage,26652610.5,4026833.4530626773
65,commercial,kwh.per.m2,167.93544278936824,1032.1324903033449
65,commercial,m2,64617.845522999996,21097.8687
65,commercial,usage,10851626.5,21775795.761423994
65,res_total,kwh.per.m2,38.00554702778906,179.81529245004813
65,res_total,m2,489518.356002,410804.21804999997
65,res_total,usage,18604412.9,73868880.60837409
66,commercial,kwh.per.m2,153.40135722002395,341.696286328161
66,commercial,m2,446130.889845,114703.1891375653
66,commercial,usage,68437084,39193653.758302726
66,res_total,kwh.per.m2,51.54953636287945,76.21179026999467
66,res_total,m2,1354938.415126,1070936.0242767185
66,res_total,usage,69846447.1,81617951.67475918
67,res_total,kwh.per.m2,65.34134509337265,81.77430562364201
67,res_total,m2,236423.92084099998,22189.7224
67,res_total,usage,15448257,1814549.141241375
68,commercial,kwh.per.m2,164.22984107206713,209.17001413764456
68,commercial,m2,671378.486883,207407.81228333333
68,commercial,usage,110260382.2,43383495.02756276
68,institutional,kwh.per.m2,358.2096198450608,892.571377149397
68,institutional,m2,144994.548227,74012.45455
68,institutional,usage,51938442,66061398.48390065
68,res_total,kwh.per.m2,53.63583142490666,167.42454527456138
68,res_total,m2,2812786.133673,2278479.426482124
68,res_total,usage,150866122.9,381473381.896213
69,res_total,kwh.per.m2,46.20961979630269,151.9472285771655
69,res_total,m2,259334.172253,202201.18533333333
69,res_total,usage,11983733.5,30723909.726417806
70,industrial,kwh.per.m2,55.510469070296985,2530.2335533932387
70,industrial,m2,12642.426046,9056.7281
70,industrial,usage,701787,22915637.322579395
70,institutional,kwh.per.m2,183.46204305106866,402.30031431446355
70,institutional,m2,57269.682738,62580.134099999996
70,institutional,usage,10506813,25176007.618271276
70,res_total,kwh.per.m2,53.356334057040385,139.92422776712158
70,res_total,m2,2073120.875991,1502403.6307758298
70,res_total,usage,110614130,210222667.83082765
71,res_total,kwh.per.m2,64.99156727624711,82.71734688978565
71,res_total,m2,33616.207326,9876.198999999999
71,res_total,usage,2184770,816932.978635554
72,commercial,kwh.per.m2,195.69029486811502,291.57071132527597
72,commercial,m2,735155.37445,169747.89338416667
72,commercial,usage,143862772,49493514.01998858
72,res_total,kwh.per.m2,47.26242457403967,76.8978919338389
72,res_total,m2,3167966.28716,2681903.299078057
72,res_total,usage,149725767.7,206232710.0695105
73,res_total,kwh.per.m2,56.33894529254758,155.59810414065632
73,res_total,m2,902956.1227289999,783286.4733764607
73,res_total,usage,50871595.6,121877890.25639795
74,commercial,kwh.per.m2,111.83147839867559,434.1014108080652
74,commercial,m2,123483.137286,11815.6723
74,commercial,usage,13809301.8,5129200.015075777
74,industrial,kwh.per.m2,75.39092914982375,421.65847590464875
74,industrial,m2,7083.482138,27373.8211
74,industrial,usage,534030.3,11542403.684712516
74,res_total,kwh.per.m2,37.24657233836353,149.75637630666355
74,res_total,m2,686789.422329,593050.7350980953
74,res_total,usage,25580551.9,88813129.0542938
75,commercial,kwh.per.m2,156.82424568040992,254.31218896154303
75,commercial,m2,195882.166477,26683.2025
75,commercial,usage,30719073,6785863.636279117
75,res_total,kwh.per.m2,52.011554915934425,145.98754816378485
75,res_total,m2,542199.652473,450074.77339608886
75,res_total,usage,28200647,65705312.65846608
76,res_total,kwh.per.m2,48.734967649949624,146.4548008246308
76,res_total,m2,283347.64678999997,232660.75828838383
76,res_total,usage,13808938.4,34074285.014832824
77,res_total,kwh.per.m2,52.96401059628912,235.99014494787787
77,res_total,m2,475454.421153,375157.56834
77,res_total,usage,25181973,88533488.93085
79,commercial,kwh.per.m2,79.20050051488946,71.3354665347411
79,commercial,m2,110943.276152,2264.4375
79,commercial,usage,8786763,161534.7055012628
79,industrial,kwh.per.m2,141.27232032917703,572.6550399547591
79,industrial,m2,221048.567244,130202.819815
79,industrial,usage,31228044,74561300.98338112
79,res_total,kwh.per.m2,58.03925248934935,148.45161109596572
79,res_total,m2,493445.08710299997,378603.2069897078
79,res_total,usage,28639184,56204256.04372151
81,commercial,kwh.per.m2,124.08817386956892,606.4634997483414
81,commercial,m2,333482.564934,35189.683899999996
81,commercial,usage,41381242.5,21341258.853031863
81,institutional,kwh.per.m2,364.7988113833499,2615.9973712279175
81,institutional,m2,16175.248427,6170.2321999999995
81,institutional,usage,5900711.4,16141311.21506585
81,res_total,kwh.per.m2,45.28336532120199,89.615972473324
81,res_total,m2,1284006.881723,1029282.1472966907
81,res_total,usage,58144152.7,92240120.57942407
82,commercial,kwh.per.m2,219.81082344876427,586.0024163814339
82,commercial,m2,267800.32974,38053.3264
82,commercial,usage,58865411,22299341.22175141
82,res_total,kwh.per.m2,64.7885396626117,160.30347036038378
82,res_total,m2,1685849.239214,1294342.4125029992
82,res_total,usage,109223710.3,207487580.55886218
83,commercial,kwh.per.m2,410.1650018124065,74.51935520262575
83,commercial,m2,24176.798011,11153.2953
83,commercial,usage,9916476.4,831136.3741404763
83,res_total,kwh.per.m2,66.53956454106782,40.35251448375968
83,res_total,m2,1152573.384406,560800.7079832763
83,res_total,usage,76691731.1,22629718.69139784
84,commercial,kwh.per.m2,171.49152785112614,625.4759591721487
84,commercial,m2,159365.248782,20592.214
84,commercial,usage,27329790,12879934.80312815
84,institutional,kwh.per.m2,904.3152166692569,1736.079256676518
84,institutional,m2,13255.678749,11866.6744
84,institutional,usage,11987312,20601487.271574266
84,res_total,kwh.per.m2,52.287513318873636,237.24201875263913
84,res_total,m2,663146.166247,437345.6577305555
84,res_total,usage,34674264,103756766.73269774
85,commercial,kwh.per.m2,154.73400135532432,342.998942028478
85,commercial,m2,414601.376802,37460.8102
85,commercial,usage,64152930,12849018.266129617
85,res_total,kwh.per.m2,58.60624531246445,138.31157017619813
85,res_total,m2,2154696.120298,1512650.7991496113
85,res_total,usage,126278649.4,209217107.15866366
86,commercial,kwh.per.m2,203.50682258193564,855.6847747640097
86,commercial,m2,133255.139341,9204.0675
86,commercial,usage,27118330,7875780.425650242
86,res_total,kwh.per.m2,59.827029342388826,224.57788948093855
86,res_total,m2,729856.930554,410321.88899166667
86,res_total,usage,43665172,92149223.83758046
87,commercial,kwh.per.m2,448.13271290916055,98.27203580649412
87,commercial,m2,5346.381844,1639.685
87,commercial,usage,2395888.6,161135.1830313713
87,res_total,kwh.per.m2,72.98370105085617,54.74606016434917
87,res_total,m2,1268311.941806,667172.7634430283
87,res_total,usage,92566099.6,36525080.24746712
88,commercial,kwh.per.m2,164.03203489046638,592.8114593697684
88,commercial,m2,875791.750044,237557.42345
88,commercial,usage,143657902.9,140826762.87951654
88,res_total,kwh.per.m2,61.60490666196751,106.83714407398577
88,res_total,m2,1269163.9552189999,1258285.5904858352
88,res_total,usage,78186727,134431638.91695544
89,commercial,kwh.per.m2,195.82958158786315,556.4658463443516
89,commercial,m2,1574254.2485169999,955615.15325
89,commercial,usage,308285550.8,531767195.0327485
89,institutional,kwh.per.m2,474.79649533285806,357.9093947946366
89,institutional,m2,83240.623485,33392.3476
89,institutional,usage,39522356.3,11951434.920288138
89,res_total,kwh.per.m2,59.83407941204732,67.5964248783371
89,res_total,m2,3182201.4422379998,2581619.356500532
89,res_total,usage,190404093.8,174508238.8961492
90,res_total,kwh.per.m2,47.419586563707504,84.39757523808433
90,res_total,m2,486936.860341,472532.6182770308
90,res_total,usage,23090344.6,39880607.20348469
91,commercial,kwh.per.m2,151.94081995213102,673.7312152434416
91,commercial,m2,467314.353196,85550.2165
91,commercial,usage,71004126,57637851.32688453
91,industrial,kwh.per.m2,108.64299314255344,975.4129603283467
91,industrial,m2,1219175.3593,1227978.4492267857
91,industrial,usage,132454860.2,1197786094.3797114
91,res_total,kwh.per.m2,49.62412685557487,249.4240622060462
91,res_total,m2,1695881.183863,1240993.4091
91,res_total,usage,84156623,309533617.2686517
92,res_total,kwh.per.m2,63.99653559050764,59.94888668589172
92,res_total,m2,139133.39085999998,38478.7155
92,res_total,usage,8904055,2306756.1553281653
93,institutional,kwh.per.m2,157.48886448505309,369.12087775878723
93,institutional,m2,96819.604674,46807.9437
93,institutional,usage,15248009.6,17277789.264627896
93,res_total,kwh.per.m2,65.49633639075105,54.966145787454764
93,res_total,m2,2728366.199506,2050529.4793223173
93,res_total,usage,178697990.4,112709702.3019042
94,commercial,kwh.per.m2,95.4554141258422,1932.108122063412
94,commercial,m2,78833.862583,6267.4056
94,commercial,usage,7525119,12109305.264025712
94,res_total,kwh.per.m2,45.75405650611106,249.76343513083924
94,res_total,m2,594995.219634,474909.8143880952
94,res_total,usage,27223444.9,118615106.61891992
96,commercial,kwh.per.m2,168.61631196878247,209.4083682153708
96,commercial,m2,529057.686996,190151.3431
96,commercial,usage,89207756,39819282.47253211
96,res_total,kwh.per.m2,62.38434267264007,54.242169286933866
96,res_total,m2,1846054.981437,1515377.7850323836
96,res_total,usage,115164926.5545,82197378.34938543
97,commercial,kwh.per.m2,156.53640525588455,264.47440908600817
97,commercial,m2,657646.122841,87413.7905
97,commercial,usage,102945560,23118710.588455614
97,industrial,kwh.per.m2,70.25774735394249,1840.7165848671623
97,industrial,m2,645788.26263,359924.0439403846
97,industrial,usage,45371628.6,662518156.9735231
97,res_total,kwh.per.m2,72.90278655903508,80.01578826674078
97,res_total,m2,1659468.503334,1355785.6670089855
97,res_total,usage,120979878.1,108484258.86647291
98,commercial,kwh.per.m2,133.3260644659413,376.123097716782
98,commercial,m2,938736.784149,182399.67419999998
98,commercial,usage,125158081,68604730.4826358
98,industrial,kwh.per.m2,171.5504378008589,280.9991789474719
98,industrial,m2,4290045.00504,3588978.7667416665
98,industrial,usage,735959098.8,1008500086.7143185
98,res_total,kwh.per.m2,50.308691792797376,140.12588263771264
98,res_total,m2,2836467.9445,2603335.356933295
98,res_total,usage,142698991.6,364794664.69224256
99,res_total,kwh.per.m2,40.40005596597583,160.74020699471848
99,res_total,m2,318874.961729,295217.62
99,res_total,usage,12882566.3,47453341.34728814
100,res_total,kwh.per.m2,52.745311250772566,76.92431969705973
100,res_total,m2,951539.374967,741217.7472822221
100,res_total,usage,50189240.5,57017670.95707209
101,res_total,kwh.per.m2,58.62273292243375,55.13623020567686
101,res_total,m2,1562195.439117,1295530.2659540535
101,res_total,usage,91580166,71430654.98206446
102,commercial,kwh.per.m2,177.2078203343095,1095.412899183246
102,commercial,m2,107975.489817,8132.280199999999
102,commercial,usage,19134101.2,8908204.630852507
102,industrial,kwh.per.m2,90.04790806266874,1637.5837974632375
102,industrial,m2,605488.613484,417738.1037333333
102,industrial,usage,54522983,684081150.2567238
102,res_total,kwh.per.m2,45.34177299055032,292.5328762804325
102,res_total,m2,689366.644452,558024.70605
102,res_total,usage,31257105.9,163240572.29634938
103,commercial,kwh.per.m2,137.79751009577984,161.51911815175208
103,commercial,m2,1183233.418272,946799.8258
103,commercial,usage,163046618.9,152926272.9294485
103,res_total,kwh.per.m2,244.4283003989471,78.36358222292745
103,res_total,m2,156290.7169,207641.45762494442
103,res_total,usage,38201874.3,16271528.437480837
105,commercial,kwh.per.m2,124.289690608878,1520.8585857738256
105,commercial,m2,36266.451207,2136.9787
105,commercial,usage,4507546,3250042.4035107885
105,res_total,kwh.per.m2,78.85572031787432,140.91514662571404
105,res_total,m2,274536.354658,218902.708625
105,res_total,usage,21648762,30846707.282657832
106,commercial,kwh.per.m2,159.22360283628052,310.5304444033866
106,commercial,m2,442810.722431,181070.5539
106,commercial,usage,70505918.6,56227919.57093436
106,industrial,kwh.per.m2,107.78896971403846,906.7825728807516
106,industrial,m2,1741618.538502,1389365.3926
106,industrial,usage,187727267.9,1259852325.3733034
106,institutional,kwh.per.m2,97.42535472909597,1509.476050630862
106,institutional,m2,126531.470522,53393.253099999994
106,institutional,usage,12327373.4,80595836.81972201
106,res_total,kwh.per.m2,65.94820149929315,79.09865189638347
106,res_total,m2,2207377.881284,1904008.379116111
106,res_total,usage,145572601.3,150604495.9875026
108,industrial,kwh.per.m2,83.3060886898348,2038.1483738247753
108,industrial,m2,123332.913135,73835.2478
108,industrial,usage,10274382.6,150487190.2345193
108,res_total,kwh.per.m2,42.56800108435379,239.68685586264334
108,res_total,m2,211298.211588,200182.26705
108,res_total,usage,8994542.5,47981058.18867052
109,res_total,kwh.per.m2,47.434074366937594,79.06885388460725
109,res_total,m2,611973.057078,567642.4108
109,res_total,usage,29028375.5,44882834.838251404
110,res_total,kwh.per.m2,62.838653695183375,92.11948285370538
110,res_total,m2,256748.681763,198652.6625376407
110,res_total,usage,16133741.5,18299780.540479112
111,res_total,kwh.per.m2,66.4219325186875,183.91619451517388
111,res_total,m2,296515.439301,276785.9813
111,res_total,usage,19695128.5,50905424.375844076
112,industrial,kwh.per.m2,146.9450709302786,346.46074721396883
112,industrial,m2,75097.21102,80824.4864
112,industrial,usage,11035165,28002511.95132926
112,res_total,kwh.per.m2,52.18809298000684,104.58887882728555
112,res_total,m2,1980832.429336,1497200.7324229986
112,res_total,usage,103375867,156590545.9835122
113,commercial,kwh.per.m2,204.98987316245427,90.12803434859933
113,commercial,m2,567217.594246,69955.0935
113,commercial,usage,116273862.7,6304915.069827477
113,industrial,kwh.per.m2,87.1948556587832,320.858968846254
113,industrial,m2,4674117.527012,3361085.25805
113,industrial,usage,407559003.1,1078434350.1022685
113,res_total,kwh.per.m2,55.53940399063001,226.49625601184823
113,res_total,m2,299114.958144,222980.4031625
113,res_total,usage,16612666.5,50504226.48031873
114,commercial,kwh.per.m2,146.90019850240628,512.9362777949743
114,commercial,m2,503991.156954,65140.597449999994
114,commercial,usage,74036401,33412975.58934379
114,res_total,kwh.per.m2,51.392803165493355,203.3649488754332
114,res_total,m2,2287102.219122,1743025.05903472
114,res_total,usage,117540594.1667,354470202.0191948
115,commercial,kwh.per.m2,132.47226240974462,406.7941984908008
115,commercial,m2,759625.09562,59349.443699999996
115,commercial,usage,100629255,24143009.380816404
115,res_total,kwh.per.m2,62.97384889600255,137.33371058241758
115,res_total,m2,1973322.429525,1611576.9666212704
115,res_total,usage,124267708.5,221323844.71525598
116,res_total,kwh.per.m2,55.827990930791735,164.59152849475927
116,res_total,m2,413490.349825,221189.6047
116,res_total,usage,23084335.5,36405935.12472459
117,commercial,kwh.per.m2,150.03726503358928,350.8193725704055
117,commercial,m2,1266629.561379,345084.644575
117,commercial,usage,190041635.2,121062378.49348289
117,industrial,kwh.per.m2,122.48743936198609,1825.4721132242778
117,industrial,m2,302175.182964,273532.82458333333
117,industrial,usage,37012664.4,499326543.3283432
117,institutional,kwh.per.m2,377.80033086027015,1477.6310581943453
117,institutional,m2,72817.928818,77737.6052
117,institutional,usage,27510637.6,114867499.83317025
117,res_total,kwh.per.m2,61.706696676499085,163.332235573108
117,res_total,m2,1473828.242286,1186323.2498683701
117,res_total,usage,90945072.3,193764828.51335567
118,res_total,kwh.per.m2,50.0620025725574,277.5711783352649
118,res_total,m2,192583.180947,149548.1904
118,res_total,usage,9641099.7,41510267.42723455
119,res_total,kwh.per.m2,46.58736274766036,129.2442530857975
119,res_total,m2,376811.037686,352835.36124999996
119,res_total,usage,17554632.5,45601942.72701378
120,commercial,kwh.per.m2,173.8699491294781,765.8871272375345
120,commercial,m2,268273.763428,50232.93445
120,commercial,usage,46644745.6,38472757.85862188
120,res_total,kwh.per.m2,66.68729395629084,129.7935510935065
120,res_total,m2,896800.184143,812473.6334265387
120,res_total,usage,59805177.5,105453838.05227432
121,res_total,kwh.per.m2,54.756789011424715,155.14374867842471
121,res_total,m2,93568.835801,70495.2141
121,res_total,usage,5123529,10936891.779362142
122,commercial,kwh.per.m2,134.443913357973,200.82915316137925
122,commercial,m2,551069.93801,86544.49341842104
122,commercial,usage,74087999,17380657.324002057
122,industrial,kwh.per.m2,69.50279108990748,1230.4923128012513
122,industrial,m2,101563.41766,68279.0846
122,industrial,usage,7058941,84016888.7254063
122,res_total,kwh.per.m2,47.10301081782961,94.16060290644408
122,res_total,m2,2804022.686586,1910838.5368200624
122,res_total,usage,132077910.93970001,179925708.68384454
123,commercial,kwh.per.m2,189.49401342637694,390.5712877862832
123,commercial,m2,1057242.085792,169298.63749999998
123,commercial,usage,200341046,66123186.86883813
123,industrial,kwh.per.m2,120.40487050448174,1136.8408589739488
123,industrial,m2,566988.309642,272228.45594
123,industrial,usage,68268154,309480431.68798137
123,res_total,kwh.per.m2,49.22737062977487,126.04540070599855
123,res_total,m2,4065919.862048,3363093.128543432
123,res_total,usage,200154544,423902420.9988471
124,commercial,kwh.per.m2,153.12853376023935,317.0367066295873
124,commercial,m2,7494975.259131,3944520.1442438923
124,commercial,usage,1147694572,1250557675.7651482
124,industrial,kwh.per.m2,114.84394278082276,1214.824233951981
124,industrial,m2,2905837.964279,2569146.94525
124,industrial,usage,333717888.9,3121061969.673403
124,res_total,kwh.per.m2,188.6495860299434,12.747733958498099
124,res_total,m2,1007584.038747,1269621.056689387
124,res_total,usage,190080311.8,16184791.458783537
125,commercial,kwh.per.m2,186.3134609976487,494.72938921137614
125,commercial,m2,146445.414378,7604.5153
125,commercial,usage,27284752,3762177.209617565
125,res_total,kwh.per.m2,64.09562833927893,140.66653312729147
125,res_total,m2,702738.73066,568429.0461745365
125,res_total,usage,45042480.5,79958943.25422513
126,commercial,kwh.per.m2,114.78106739939052,774.2609012660104
126,commercial,m2,286863.83953399997,37477.8109
126,commercial,usage,32926537.7,29017603.644911103
126,res_total,kwh.per.m2,50.775875940059585,163.51371871370827
126,res_total,m2,1184453.234662,845433.400205606
126,res_total,usage,60141650.5,138239959.19239342
127,res_total,kwh.per.m2,56.49688042237241,207.98190050915068
127,res_total,m2,263262.854317,181812.87135
127,res_total,usage,14873530,37813786.52039871
128,commercial,kwh.per.m2,172.34157106927663,642.9594900404538
128,commercial,m2,512239.735615,149275.9005
128,commercial,usage,88280200.8,95978356.86080952
128,res_total,kwh.per.m2,48.869166590457,117.75469364579628
128,res_total,m2,1781592.934245,1147154.3215893595
128,res_total,usage,87064961.9,135082805.7032063
129,res_total,kwh.per.m2,52.818344204857034,129.813253297641
129,res_total,m2,421649.927412,410779.2395625
129,res_total,usage,22270851,53324589.474739164
130,commercial,kwh.per.m2,151.68714228983964,451.155984830805
130,commercial,m2,527831.739008,74069.57876
130,commercial,usage,80065288.1,33416933.751470678
130,industrial,kwh.per.m2,130.13356841246375,2680.293689259086
130,industrial,m2,285679.790799,256803.87256666666
130,industrial,usage,37176530.6,688309799.0177312
130,res_total,kwh.per.m2,55.56579546356445,293.02823554896963
130,res_total,m2,2410893.701465,1714246.3982571212
130,res_total,usage,133963226.3,502322597.37746054
131,commercial,kwh.per.m2,137.51511710676374,455.25616627703016
131,commercial,m2,92157.453425,7413.141299999999
131,commercial,usage,12673043,3374878.288307919
131,res_total,kwh.per.m2,51.07133680159821,117.82042806400325
131,res_total,m2,335187.799499,240710.82635857142
131,res_total,usage,17118489,28360652.601206843
132,commercial,kwh.per.m2,196.31247185684396,600.9918671244043
132,commercial,m2,33094.83569,316.0458
132,commercial,usage,6496929,189940.95543882606
132,res_total,kwh.per.m2,47.07869491385971,120.28777991752229
132,res_total,m2,952641.669062,765080.9643838095
132,res_total,usage,44849126.5,92029890.66288538
133,institutional,kwh.per.m2,199.52225283070769,657.833606303078
133,institutional,m2,77101.12873,29108.6357
133,institutional,usage,15383390.9,19148638.79709352
133,res_total,kwh.per.m2,46.677284785239635,203.00694665023175
133,res_total,m2,1072044.413685,748780.0232747222
133,res_total,usage,50040122.4,152007546.2376908
135,commercial,kwh.per.m2,123.35971483191005,283.2731428745104
135,commercial,m2,912615.247639,91178.2843
135,commercial,usage,112579956.7,25828359.155566633
135,industrial,kwh.per.m2,87.73399061709871,1099.7420176819503
135,industrial,m2,773492.354818,507445.9741196078
135,industrial,usage,67861571,558059659.4428803
135,institutional,kwh.per.m2,297.5910995792638,1053.3634961049747
135,institutional,m2,123451.178654,83208.1146
135,institutional,usage,36737972,87648390.4993594
135,res_total,kwh.per.m2,61.01630453061572,158.9137783407905
135,res_total,m2,2484721.950408,1757295.587766897
135,res_total,usage,151608551.2,279258481.5136378
136,commercial,kwh.per.m2,157.26863425247427,363.8408439570013
136,commercial,m2,1905691.646809,677398.5098386364
136,commercial,usage,299705522.6,246465245.51490453
136,res_total,kwh.per.m2,45.856379578211005,130.43892037568398
136,res_total,m2,764953.825894,644010.039828686
136,res_total,usage,35078013,84003974.30635504
137,res_total,kwh.per.m2,53.916278268375514,199.86161946752182
137,res_total,m2,1055033.316967,724435.0130908845
137,res_total,usage,56883469.9,144786754.91531956
138,res_total,kwh.per.m2,52.84436458329947,187.22798918160512
138,res_total,m2,70911.652161,48113.39308
138,res_total,usage,3747281.2,9008173.839072555
139,industrial,kwh.per.m2,66.27906817218268,4588.74261321165
139,industrial,m2,78059.051563,52785.083249999996
139,industrial,usage,5173681.2,242217160.85119945
139,res_total,kwh.per.m2,49.724463315870125,270.6171971449012
139,res_total,m2,169096.745129,129531.4480021978
139,res_total,usage,8408244.9,35053437.40047528
140,commercial,kwh.per.m2,133.6451457797211,445.5592742469031
140,commercial,m2,945200.510374,418880.2473
140,commercial,usage,126321460,186635978.9833513
140,res_total,kwh.per.m2,66.41938339626492,71.58706027327183
140,res_total,m2,3059407.180697,2273124.968395689
140,res_total,usage,203203938.5,162726334.1212213
141,res_total,kwh.per.m2,43.88326554524768,231.0000463850702
141,res_total,m2,843562.58450799994,726832.0419
141,res_total,usage,37018280.9,167898235.39305526
142,commercial,kwh.per.m2,215.39517604369152,338.8633123871797
142,commercial,m2,213857.503432,17268.9952
142,commercial,usage,46063874.6,5851828.915070307
142,res_total,kwh.per.m2,47.39391469414613,142.0047719387478
142,res_total,m2,719382.117304,693863.3306866667
142,res_total,usage,34094334.7,98531904.03082006
143,commercial,kwh.per.m2,131.49555563721873,2214.4568980583686
143,commercial,m2,191848.875635,4511.4098
143,commercial,usage,25227274.5,9990322.551578125
143,res_total,kwh.per.m2,47.132218297317344,278.61895085828905
143,res_total,m2,938720.340318,762569.2319499999
143,res_total,usage,44243972,212466239.36272025
144,commercial,kwh.per.m2,207.90308075018126,1002.5507931089146
144,commercial,m2,181558.753549,14501.92225
144,commercial,usage,37746624.2,14538913.653341316
144,industrial,kwh.per.m2,95.47633935275233,2656.4690967901074
144,industrial,m2,241831.897374,201509.02262272727
144,industrial,usage,23089224.3,535302491.3216536
144,institutional,kwh.per.m2,325.77001824284713,407.2796368009756
144,institutional,m2,41905.663307,25241.193216666667
144,institutional,usage,13651608.7,10280224.005707249
144,res_total,kwh.per.m2,56.66798570584428,292.62642552462813
144,res_total,m2,1057835.643059,763281.135215098
144,res_total,usage,59945415.1,223356230.2683745
145,commercial,kwh.per.m2,142.77573840676996,519.5825575863824
145,commercial,m2,643030.622881,80109.0635
145,commercial,usage,91809172,41623272.09917992
145,res_total,kwh.per.m2,49.83480284405093,162.11881310348943
145,res_total,m2,1844693.859584,1518063.406788366
145,res_total,usage,91929954.8,246106637.72436956
146,commercial,kwh.per.m2,92.6596597558591,802.1962164959393
146,commercial,m2,164391.02237299999,8365.1805
146,commercial,usage,15232416.2,6710516.14740561
146,industrial,kwh.per.m2,77.65179197480724,1318.7008801381085
146,industrial,m2,325399.911031,183315.0179
146,industrial,usage,25267886.2,241737675.44726312
146,res_total,kwh.per.m2,50.36260637433958,163.71363684044874
146,res_total,m2,672834.462699,489672.39809619624
146,res_total,usage,33885697.2,80166049.15271232
148,commercial,kwh.per.m2,139.6611231777691,191.4690635622844
148,commercial,m2,610759.093577,62028.26164999999
148,commercial,usage,85299301,11876493.172521856
148,institutional,kwh.per.m2,222.70179965651212,1206.3774257837786
148,institutional,m2,62671.527673,61189.885599999994
148,institutional,usage,13957062,73818096.6741319
148,res_total,kwh.per.m2,61.331917557805156,122.92994849454023
148,res_total,m2,2413270.62472,1947928.0110936647
148,res_total,usage,148010515,239458690.07481638
149,res_total,kwh.per.m2,45.12212769802888,169.15998332825546
149,res_total,m2,423924.936076,381664.4144
149,res_total,usage,19128395.1,64562345.97689239
150,commercial,kwh.per.m2,142.83950091667225,115.99982904460418
150,commercial,m2,320472.707523,25444.14875
150,commercial,usage,45776161.6,2951516.905185479
150,res_total,kwh.per.m2,55.20847591269096,110.2715027548919
150,res_total,m2,2784105.02661,2240257.967464206
150,res_total,usage,153706195.3,247036612.6308977
151,commercial,kwh.per.m2,186.18311937760552,554.1870735564453
151,commercial,m2,70976.03394,6632.6884
151,commercial,usage,13214539.4,3675750.1742077814
151,res_total,kwh.per.m2,48.66618705103637,224.0811837625018
151,res_total,m2,709813.108304,587171.5701
151,res_total,usage,34543897.5,131574100.49969481
154,commercial,kwh.per.m2,128.5349429588281,104.27288703838083
154,commercial,m2,250844.231598,20046.322670588233
154,commercial,usage,32242249,2090287.9393651795
154,institutional,kwh.per.m2,204.5617849215421,215.54625807107593
154,institutional,m2,63165.957439,19358.9665
154,institutional,usage,12921341,4172752.7891983134
154,res_total,kwh.per.m2,48.90108585028758,117.1101654677865
154,res_total,m2,2413999.262949,1950618.533589042
154,res_total,usage,118047185.2,228437259.23314378
155,commercial,kwh.per.m2,171.47804702209694,631.9943349133979
155,commercial,m2,189987.749836,70413.74227460318
155,commercial,usage,32578728.3,44501086.21760125
155,res_total,kwh.per.m2,52.753307520821174,82.07092732021587
155,res_total,m2,907428.751858,759040.6482431871
155,res_total,usage,47869868,62295169.87505615
157,commercial,kwh.per.m2,173.9404133229989,415.89000131665694
157,commercial,m2,116976.02536,8459.0095
157,commercial,usage,20346858.2,3518017.4720926136
157,industrial,kwh.per.m2,198.89290699675183,1779.0298810475613
157,industrial,m2,119585.949339,155573.59149999998
157,industrial,usage,23784797.1,276770067.98038685
157,res_total,kwh.per.m2,60.35464712730094,140.5706086955735
157,res_total,m2,612395.20831,499697.68937764934
157,res_total,usage,36960896.7,70242808.35958777
158,commercial,kwh.per.m2,144.8143444022967,506.4217890420528
158,commercial,m2,573513.258944,133749.059
158,commercial,usage,83052946.6,67733437.74147108
158,industrial,kwh.per.m2,74.88565146736585,406.0884633894037
158,industrial,m2,1499071.288028,920137.57225
158,industrial,usage,112258930,373657252.82185894
158,res_total,kwh.per.m2,46.40081745904046,154.6634190277167
158,res_total,m2,1103565.93707,932846.7685969195
158,res_total,usage,51206361.6,144277270.66015685
159,commercial,kwh.per.m2,151.76599066930683,205.05010971366207
159,commercial,m2,183304.308016,11561.404999999999
159,commercial,usage,27819359.9,2370667.363694081
159,res_total,kwh.per.m2,42.02921590467096,138.49737549005383
159,res_total,m2,497843.672541,420633.62088152696
159,res_total,usage,20923979.2,58256652.534969784
160,commercial,kwh.per.m2,95.40961028055916,390.4986002243312
160,commercial,m2,56710.406678,2103.6276
160,commercial,usage,5410717.8,821463.6331932693
160,res_total,kwh.per.m2,47.60548713846308,278.4967716925998
160,res_total,m2,264267.41445599997,235718.79309999998
160,res_total,usage,12580579,65646922.905625865
162,industrial,kwh.per.m2,76.50220433570219,255.84729967447265
162,industrial,m2,16961.393613,33365.034999999996
162,industrial,usage,1297584,8536354.108294267
162,res_total,kwh.per.m2,64.5939969349509,233.39522058673163
162,res_total,m2,273589.208573,198909.28984671328
162,res_total,usage,17672220.5,46424477.58052378
163,institutional,kwh.per.m2,297.6237102349981,1640.0489565379705
163,institutional,m2,70147.43208299999,45556.720049999996
163,institutional,usage,20877539,74715251.18129493
163,res_total,kwh.per.m2,49.16820605472417,143.15017795709855
163,res_total,m2,2423246.363054,2008253.0337164276
163,res_total,usage,119146676.5,287481779.1593897
164,commercial,kwh.per.m2,161.25861734863537,547.4008343117065
164,commercial,m2,160540.471732,37977.41747821429
164,commercial,usage,25888534.5,20788870.012578484
164,res_total,kwh.per.m2,46.302291543176835,149.62807327120197
164,res_total,m2,1034472.3037159999,920200.9726145943
164,res_total,usage,47898438.2,137687898.55460784
165,res_total,kwh.per.m2,69.26075559950107,30.02059227540696
165,res_total,m2,288821.119938,109226.43179999999
165,res_total,usage,20003969,3279042.1747653447
166,commercial,kwh.per.m2,174.17071486466872,908.6926978301162
166,commercial,m2,186289.838824,29186.34655
166,commercial,usage,32446234.4,26521419.986324202
166,res_total,kwh.per.m2,51.046849088901645,195.40825918497694
166,res_total,m2,1442957.132804,1023207.969830118
166,res_total,usage,73658415,199943288.16869777
167,commercial,kwh.per.m2,147.63100485486876,593.44403699028
167,commercial,m2,417085.695925,62789.530699999996
167,commercial,usage,61574780.4,37262072.57933312
167,industrial,kwh.per.m2,100.85901301931077,1609.3200576868317
167,industrial,m2,697278.263932,688714.5181592592
167,industrial,usage,70326797.5,1108362088.0938175
167,institutional,kwh.per.m2,511.6327391522539,1281.9852589220816
167,institutional,m2,76245.863712,33616.1437
167,institutional,usage,39009880.1,43095400.685206406
167,res_total,kwh.per.m2,43.798648881712154,227.37773876633142
167,res_total,m2,844289.178871,761042.8075333333
167,res_total,usage,36978725.3,173044192.6813097
168,commercial,kwh.per.m2,186.92024370762778,558.5115924740096
168,commercial,m2,1361938.191661,486648.47479999997
168,commercial,usage,254573818.7,271798814.6355959
168,res_total,kwh.per.m2,61.69662064655207,70.56316023868344
168,res_total,m2,2643583.014609,2073684.8507024003
168,res_total,usage,163100138.4,146325756.4046438
169,commercial,kwh.per.m2,185.78480080534263,652.1072327643238
169,commercial,m2,158668.847894,65268.102699999996
169,commercial,usage,29478260.3,42561801.83947469
169,res_total,kwh.per.m2,61.79997481077035,105.95617162842132
169,res_total,m2,1556513.770346,1046111.550441842
169,res_total,usage,96192511.8,110841974.98108973
170,commercial,kwh.per.m2,134.15265084391274,741.4053824557902
170,commercial,m2,120373.02355499999,16205.3831
170,commercial,usage,16148360.2,12014758.255098099
170,res_total,kwh.per.m2,66.4608160060144,75.44268258637238
170,res_total,m2,1563782.779775,981438.1962466093
170,res_total,usage,103930279.6,74042330.3175748
171,commercial,kwh.per.m2,188.61656666178234,695.3700779406805
171,commercial,m2,388527.035016,47536.4655
171,commercial,usage,73282635.4,33055435.719759468
171,industrial,kwh.per.m2,125.5238439232058,1900.6447737217004
171,industrial,m2,360161.891056,377893.72726666665
171,industrial,usage,45208905,718241737.7516036
171,institutional,kwh.per.m2,383.46592806894296,1004.9269913760667
171,institutional,m2,49591.900109,54621.0195
171,institutional,usage,19016804,54890136.79202847
171,res_total,kwh.per.m2,52.51703929650913,217.71618936436545
171,res_total,m2,1083831.574713,739432.1956751648
171,res_total,usage,56919625.4,160986359.9357227
172,commercial,kwh.per.m2,113.62189084375403,531.9205913919449
172,commercial,m2,166320.338974,15712.22345
172,commercial,usage,18897631.4,8357655.189606383
172,res_total,kwh.per.m2,43.29646645193696,176.59097392087742
172,res_total,m2,1271991.086412,1139768.013025
172,res_total,usage,55072719.4,201272743.46394804
174,commercial,kwh.per.m2,144.6663078343428,626.1024809029815
174,commercial,m2,1002233.011753,169938.6256
174,commercial,usage,144989349.4,106398995.08940293
174,industrial,kwh.per.m2,121.90814138138686,1662.963208115719
174,industrial,m2,376703.548915,314817.7549
174,industrial,usage,45923229.5,523530343.6602921
174,institutional,kwh.per.m2,186.70039906241234,869.2969283148302
174,institutional,m2,166222.419212,121116.6099
174,institutional,usage,31033792,105286296.95397556
174,res_total,kwh.per.m2,50.63285014989585,165.44685449013056
174,res_total,m2,3277996.141016,2547027.796828853
174,res_total,usage,165974287.4,421397737.28426105
175,commercial,kwh.per.m2,77.137208438598,302.63793416310233
175,commercial,m2,228397.751962,67089.2214
175,commercial,usage,17617965,20303743.369106993
175,res_total,kwh.per.m2,58.82261700516237,129.26333029412436
175,res_total,m2,46398.173678,42471.557499999995
175,res_total,usage,2729262,5490014.965228394
176,res_total,kwh.per.m2,45.05948150520064,196.4382366444036
176,res_total,m2,741938.315383,578777.63705
176,res_total,usage,33431355.8,113694058.43131663
177,commercial,kwh.per.m2,142.87576383270488,382.6993395390223
177,commercial,m2,1658891.204092,850637.1778
177,commercial,usage,237015347.9,325538286.13139784
177,res_total,kwh.per.m2,55.598413183981684,56.223602658370574
177,res_total,m2,3121012.8322509998,2840946.672380335
177,res_total,usage,173523361,159728256.88153204
178,commercial,kwh.per.m2,199.05629310494822,301.1647403579564
178,commercial,m2,129630.993311,17349.7253
178,commercial,usage,25803865,5225125.515256367
178,res_total,kwh.per.m2,50.31483678168286,79.89368839094251
178,res_total,m2,1679432.61481,1089703.33441
178,res_total,usage,84500377.9,87060418.63792355
179,res_total,kwh.per.m2,52.81568067224397,132.16987314334847
179,res_total,m2,927156.611005,732361.4864258717
179,res_total,usage,48968407.5,96796124.75598158
180,commercial,kwh.per.m2,97.23928349402983,391.7791330860848
180,commercial,m2,143297.024611,52498.3474
180,commercial,usage,13934100,20567757.032824114
180,res_total,kwh.per.m2,39.146358886628306,95.11027648613157
180,res_total,m2,542111.115914,506776.0548236274
180,res_total,usage,21221676.3,48199610.69082617
181,res_total,kwh.per.m2,45.06652676949483,69.41337390155542
181,res_total,m2,504361.561215,179857.6515
181,res_total,usage,22729823.8,12484526.412625149
182,commercial,kwh.per.m2,160.21775986083355,97.6141535595064
182,commercial,m2,139353.385164,8168.9757
182,commercial,usage,22326887.2,797407.6484036763
182,industrial,kwh.per.m2,104.28706643520925,2213.7091654722144
182,industrial,m2,42504.423142,24303.197399999997
182,industrial,usage,4432661.6,53800210.834660485
182,res_total,kwh.per.m2,63.714648847132956,139.28095915773466
182,res_total,m2,1029668.289586,936924.6428274751
182,res_total,usage,65604953.5,130495762.91152869
184,res_total,kwh.per.m2,61.40803273029896,109.33816315209361
184,res_total,m2,428501.709468,11359.161699999999
184,res_total,usage,26313447,1241989.875225613
185,res_total,kwh.per.m2,64.8892809882311,132.14836482782118
185,res_total,m2,374118.987455,291092.07090581197
185,res_total,usage,24276312.1,38467341.18454723
186,commercial,kwh.per.m2,172.68763636885294,214.60251800494973
186,commercial,m2,581476.532492,24596.482699999997
186,commercial,usage,100413808,5278467.121485184
186,res_total,kwh.per.m2,50.52795187492022,152.86360833015397
186,res_total,m2,3199510.478877,2883799.6129423017
186,res_total,usage,161664711.5,440828014.5354616
187,commercial,kwh.per.m2,139.73347257061522,218.37659087868195
187,commercial,m2,411350.050511,51466.321299999996
187,commercial,usage,57479371,11239039.790560894
187,industrial,kwh.per.m2,57.98007349804907,202.22394054248537
187,industrial,m2,1328993.951734,1028158.9517
187,industrial,usage,77055167,207918354.7168049
187,res_total,kwh.per.m2,52.913479677634015,131.28433893628502
187,res_total,m2,1945970.206974,1775669.826425432
187,res_total,usage,102968055,233117639.3313708
189,commercial,kwh.per.m2,123.94729658220946,329.6635040606967
189,commercial,m2,317611.945444,10104.9188
189,commercial,usage,39367142,3331222.9398568105
189,res_total,kwh.per.m2,55.88139145688917,165.55484803103627
189,res_total,m2,1014174.298858,797880.7308811616
189,res_total,usage,56673471,132093023.14792286
190,res_total,kwh.per.m2,51.84890871705369,134.36111980614865
190,res_total,m2,320769.997123,298690.1242019715
190,res_total,usage,16631574.3,40132339.56281452
191,commercial,kwh.per.m2,113.6777662798975,209.00597676352655
191,commercial,m2,283250.841864,13890.9654
191,commercial,usage,32199323,2903294.791615351
191,res_total,kwh.per.m2,58.28075671528865,109.93506855074412
191,res_total,m2,1583439.289418,1338248.9734472276
191,res_total,usage,92284040,147120492.63388392
192,commercial,kwh.per.m2,142.3449076328983,463.5059169373493
192,commercial,m2,199967.111387,35010.6656
192,commercial,usage,28464300,16227650.661514912
192,industrial,kwh.per.m2,78.21847910705357,3518.8369918947865
192,industrial,m2,32835.450514,31605.2303
192,industrial,usage,2568339,111213653.51699395
192,res_total,kwh.per.m2,52.205106574470534,228.8827193490635
192,res_total,m2,817195.784078,580905.5215271583
192,res_total,usage,42661793,132959235.45202194
193,res_total,kwh.per.m2,38.85632712710665,170.84431366545405
193,res_total,m2,622973.422599,564886.9968
193,res_total,usage,24206459.1,96507731.26683554
194,commercial,kwh.per.m2,114.40842520760826,1040.9929031222082
194,commercial,m2,81623.368061,17313.680099999998
194,commercial,usage,9338401,18023418.111028202
194,res_total,kwh.per.m2,51.86050174628977,253.9307292064619
194,res_total,m2,377004.740441,254203.24768556148
194,res_total,usage,19551655,64550016.05144548
195,res_total,kwh.per.m2,61.60278710936343,56.19292626684671
195,res_total,m2,95106.75206299999,265.3224
195,res_total,usage,5858841,14909.242060142811
196,commercial,kwh.per.m2,171.08427430048678,532.6418098886267
196,commercial,m2,157063.298248,15650.491399999999
196,commercial,usage,26871060.4,8336106.064942386
196,industrial,kwh.per.m2,69.62781356953187,747.7268280325789
196,industrial,m2,539075.324583,384933.7202333333
196,industrial,usage,37534636.2,287825269.6328504
196,res_total,kwh.per.m2,51.99079716294539,219.08273224138998
196,res_total,m2,597278.589568,354769.7329481185
196,res_total,usage,31052990,77723922.41082206
198,commercial,kwh.per.m2,121.99792180136777,635.4106900316372
198,commercial,m2,141858.60746199999,16654.5546
198,commercial,usage,17306455.3,10582482.030555576
198,res_total,kwh.per.m2,52.01829723700458,146.81819042662178
198,res_total,m2,743198.265869,551796.5709789993
198,res_total,usage,38659908.3,81013774.03475164
199,commercial,kwh.per.m2,150.54878578498844,433.804667760072
199,commercial,m2,4497408.031354,1062837.7810371104
199,commercial,usage,677079318.3,461063990.4856558
199,industrial,kwh.per.m2,209.3229980754796,1194.2419918310543
199,industrial,m2,1462353.699853,1440411.782675
199,industrial,usage,306104260.7,1720200236.3987117
199,res_total,kwh.per.m2,56.253962236609304,161.81314399235742
199,res_total,m2,14967854.654548,12300513.233954148
199,res_total,usage,842001130.5,1990384719.1057208
200,res_total,kwh.per.m2,109.76055590619347,168.12126887838383
200,res_total,m2,38052.604285,14481.3449
200,res_total,usage,4176675,2434622.079653512
201,commercial,kwh.per.m2,215.81063465671903,568.9283237974412
201,commercial,m2,146661.971271,12881.3282
201,commercial,usage,31651213.1,7328552.46111071
201,res_total,kwh.per.m2,48.05295634856497,107.80748329219823
201,res_total,m2,1884112.974096,1443656.3300355403
201,res_total,usage,90537198.5,155636955.67998272
202,commercial,kwh.per.m2,198.2003402426295,886.1477392675404
202,commercial,m2,268575.976887,32853.2489
202,commercial,usage,53231850,29112832.240328807
202,industrial,kwh.per.m2,91.0000156940812,1107.6874177104485
202,industrial,m2,353790.510413,294143.03021666664
202,industrial,usage,32194942,325818533.5782259
202,res_total,kwh.per.m2,50.41933715462769,196.6502574426149
202,res_total,m2,1376059.076049,1002209.4734
202,res_total,usage,69379986.5,197084750.95553753
203,commercial,kwh.per.m2,224.38400970034135,365.05073298095033
203,commercial,m2,112363.577216,16144.162
203,commercial,usage,25212590,5893438.1714632055
203,res_total,kwh.per.m2,72.61979164073418,70.92907883312456
203,res_total,m2,1209393.695333,353827.35698721284
203,res_total,usage,87825918.1667,25096648.497062128
204,commercial,kwh.per.m2,120.20903946919302,406.9909734145097
204,commercial,m2,47705.783403,2714.4451
204,commercial,usage,5734666.4,1104754.653529246
204,res_total,kwh.per.m2,44.012301914141396,184.62620362424266
204,res_total,m2,446096.794444,377681.1411
204,res_total,usage,19633746.8,69729835.26176493
205,commercial,kwh.per.m2,172.88739198173872,354.0657868657256
205,commercial,m2,529068.64955,98220.1972
205,commercial,usage,91469299,34776411.40772474
205,res_total,kwh.per.m2,38.893422744350254,99.14693451467792
205,res_total,m2,2592964.722156,2450950.7205064283
205,res_total,usage,100849273.1,243004250.5847535
206,res_total,kwh.per.m2,610.5947754069241,5.836252378117677
206,res_total,m2,27836.618793,13041.1162
206,res_total,usage,16996894,76111.24543555896
207,commercial,kwh.per.m2,211.20470257661054,422.7320726808222
207,commercial,m2,73461.56080199999,15117.988599999999
207,commercial,usage,15515427.1,6390858.655643041
207,res_total,kwh.per.m2,46.585058166720344,112.84200279213896
207,res_total,m2,1597719.316645,1444894.8309323564
207,res_total,usage,74429847.3,163044826.5464161
208,commercial,kwh.per.m2,155.67353682317753,189.26847467284693
208,commercial,m2,7974.329005,1004.6206
208,commercial,usage,1241392,190143.00858692027
208,res_total,kwh.per.m2,62.271099169005815,166.8683297156313
208,res_total,m2,359705.365714,260180.43145
208,res_total,usage,22399248.5,43415874.02075381
209,commercial,kwh.per.m2,231.75443304954285,858.9010808038449
209,commercial,m2,78962.161626,11562.333999999999
209,commercial,usage,18299831,9930901.169215042
209,res_total,kwh.per.m2,53.715327247975836,273.0283060473864
209,res_total,m2,472047.389434,308628.0616782251
209,res_total,usage,25356180,84264196.8786941
210,commercial,kwh.per.m2,134.59954315971893,613.3917814941319
210,commercial,m2,372838.505406,25396.1659
210,commercial,usage,50183892.5,15577799.444521524
210,res_total,kwh.per.m2,41.71483733201034,177.73290455657897
210,res_total,m2,1818543.70895,1633226.7504934245
210,res_total,usage,75860255,290278134.16469944
211,commercial,kwh.per.m2,169.15899299237802,472.30841565896543
211,commercial,m2,609685.971024,292741.4634
211,commercial,usage,103133864.9,138264256.77614102
211,res_total,kwh.per.m2,44.072610514021676,121.64078283247416
211,res_total,m2,2453402.86266,1822142.081913021
211,res_total,usage,108127868.8,221646789.2758941
212,commercial,kwh.per.m2,140.5915377893929,772.5653210812402
212,commercial,m2,216353.899945,38410.898499999996
212,commercial,usage,30417527.5,29674928.132671423
212,res_total,kwh.per.m2,68.25292198483498,143.52751070790038
212,res_total,m2,615442.798322,524444.8339507408
212,res_total,usage,42005769.3,75272261.52056798
213,commercial,kwh.per.m2,221.10948614479196,344.09030515286304
213,commercial,m2,351679.196835,95747.20848999999
213,commercial,usage,77759606.5,32945686.186858896
213,industrial,kwh.per.m2,176.50135924097836,2196.617278394245
213,industrial,m2,328513.555076,269984.888425
213,industrial,usage,57983089,593053470.8196975
213,institutional,kwh.per.m2,203.05177972809534,1239.4495960875317
213,institutional,m2,66673.788913,51177.5881
213,institutional,usage,13538231.5,63432040.89927907
213,res_total,kwh.per.m2,62.291010281894735,159.32733085014854
213,res_total,m2,1459440.633385,1045679.0745817176
213,res_total,usage,90910031.5,166605255.87895846
214,commercial,kwh.per.m2,150.35021379249906,203.69822950751623
214,commercial,m2,610409.685394,58145.2739
214,commercial,usage,91775226.7,11844089.347659593
214,industrial,kwh.per.m2,83.0885418665996,597.0313218717209
214,industrial,m2,1052588.853231,645231.9743852941
214,industrial,usage,87458073,385223698.58115256
214,res_total,kwh.per.m2,54.21684887776459,153.0130179733012
214,res_total,m2,2062068.949305,1608485.0676658202
214,res_total,usage,111798880.6,246119154.56853676
215,res_total,kwh.per.m2,68.87616419320099,189.86273786646407
215,res_total,m2,425701.427242,271980.025071929
215,res_total,usage,29320681.4,51638872.20514598
216,commercial,kwh.per.m2,193.6655322909669,288.40551459003984
216,commercial,m2,604289.235754,190228.52176571428
216,commercial,usage,117029996.5,54862954.70954342
216,industrial,kwh.per.m2,142.20748239295034,1812.6088124221262
216,industrial,m2,182382.245741,139352.04379999998
216,industrial,usage,25936120,252590742.6209141
216,res_total,kwh.per.m2,48.047374361534054,148.23151329410385
216,res_total,m2,2210379.391408,1638360.8463639219
216,res_total,usage,106202926.1,242856707.57833293
217,res_total,kwh.per.m2,48.486399419454266,174.54263649247008
217,res_total,m2,565937.762518,316656.153
217,res_total,usage,27440284.4,55269999.80618299
218,industrial,kwh.per.m2,3174.528911176297,609.8440888729715
218,industrial,m2,5011.931044,464.5
218,industrial,usage,15910520,283272.57928149524
218,res_total,kwh.per.m2,110.97803770588578,120.87726778855429
218,res_total,m2,110299.922877,2670.4105
218,res_total,usage,12240869,322791.92511386715
219,res_total,kwh.per.m2,53.757409110819346,153.79443605729375
219,res_total,m2,157545.557721,126589.8134
219,res_total,usage,8469241,19468808.96245105
220,commercial,kwh.per.m2,149.01135450873852,505.5563378461067
220,commercial,m2,262824.537963,19684.2094
220,commercial,usage,39163840.4,9951476.817659909
220,industrial,kwh.per.m2,84.94872384480024,524.941045398123
220,industrial,m2,82996.288595,101827.5042
220,industrial,usage,7050428.8,53453436.50502977
220,institutional,kwh.per.m2,355.3240511327973,1832.5093900965073
220,institutional,m2,47539.301226999996,15009.016899999999
220,institutional,usage,16891857.1,27504164.40536717
220,res_total,kwh.per.m2,67.23202594043502,101.59576041054108
220,res_total,m2,1651110.577842,1444435.0095733362
220,res_total,usage,111007509.2,146748473.16121027
221,commercial,kwh.per.m2,143.24688076272673,531.561851290307
221,commercial,m2,838026.86635,128770.7338
221,commercial,usage,120044734.6,68449609.65073931
221,industrial,kwh.per.m2,73.23507206557642,1452.7379060263663
221,industrial,m2,675448.47441,599974.2739333333
221,industrial,usage,49466517.7,871605370.3836001
221,res_total,kwh.per.m2,64.41755900467643,120.30612101886292
221,res_total,m2,2420025.60185,2078006.34354864
221,res_total,usage,155892142,249996882.64492753
222,commercial,kwh.per.m2,135.95022668603403,511.62856653696514
222,commercial,m2,1017897.851098,74105.19778125
222,commercial,usage,138383443.6,37914336.11375923
222,industrial,kwh.per.m2,96.72440063308198,1905.0165139934643
222,industrial,m2,291107.83438,195266.6958
222,industrial,usage,28157230.8,371986280.1319382
222,res_total,kwh.per.m2,60.48621935451708,85.70161554887952
222,res_total,m2,2928050.607064,2439946.088756873
222,res_total,usage,177106711.3,209107321.65863377
224,res_total,kwh.per.m2,68.17757401130412,45.45038202640481
224,res_total,m2,204024.185397,8419.7128
224,res_total,usage,13909874,382679.1633126105
225,res_total,kwh.per.m2,51.00544885871545,104.62403459641207
225,res_total,m2,208794.104126,136978.6717778525
225,res_total,usage,10649637,14331261.295056613
226,commercial,kwh.per.m2,222.2654621441323,432.85009010374245
226,commercial,m2,620083.024463,80816.497
226,commercial,usage,137823040,34981428.008318834
226,industrial,kwh.per.m2,110.54642529242682,558.3111042849096
226,industrial,m2,388605.166439,289251.30329999997
226,industrial,usage,42958912,161492214.5612723
226,institutional,kwh.per.m2,321.6569733874301,1605.158363894624
226,institutional,m2,82205.312453,56593.42585
226,institutional,usage,26441912,90841410.84457771
226,res_total,kwh.per.m2,55.130300947591735,165.3137438929487
226,res_total,m2,2800835.463365,2402707.136164266
226,res_total,usage,154410902,397200512.1576197
227,institutional,kwh.per.m2,257.2318087496513,468.5148680850529
227,institutional,m2,48802.503318,15427.810099999999
227,institutional,usage,12553556.2,7228158.413842746
227,res_total,kwh.per.m2,51.41793483084432,67.1294070806563
227,res_total,m2,2222399.924772,1666030.812681312
227,res_total,usage,114271214.5,111839660.63340046
228,commercial,kwh.per.m2,162.82751103269865,709.2908972535714
228,commercial,m2,356002.809552,24406.4093
228,commercial,usage,57967051.4,17311243.95113491
228,industrial,kwh.per.m2,125.16535693210595,928.1051792882039
228,industrial,m2,627261.081855,597456.1349385714
228,industrial,usage,78511357.2,554502133.2340001
228,res_total,kwh.per.m2,69.53134287060846,161.57688617445424
228,res_total,m2,1353002.502412,984688.4957499215
228,res_total,usage,94076080.9,159102900.99507964
229,commercial,kwh.per.m2,206.47001224641593,323.59279119988787
229,commercial,m2,873497.417556,75865.71665
229,commercial,usage,180351022.5,24549599.007153306
229,res_total,kwh.per.m2,52.764254819147894,93.9120279965335
229,res_total,m2,6703945.790809,5187372.0932097575
229,res_total,usage,353728704,487156633.2459513
230,commercial,kwh.per.m2,159.87806269011185,966.9997229440094
230,commercial,m2,250352.403116,65588.7935
230,commercial,usage,40025857.2,63424345.142731845
230,industrial,kwh.per.m2,103.52838675270239,2285.6377713828147
230,industrial,m2,29905.196991,55568.2279
230,industrial,usage,3096036.8,127008840.57704835
230,res_total,kwh.per.m2,48.993927037233874,87.03600409442933
230,res_total,m2,1660190.452547,1527437.6264143672
230,res_total,usage,81339249.9,132942067.50658628
231,res_total,kwh.per.m2,36.61829137675715,68.46801259121692
231,res_total,m2,1389481.329877,1051127.8507309523
231,res_total,usage,50880432.2,71968634.91882563
232,commercial,kwh.per.m2,158.50695104167045,405.1356586433914
232,commercial,m2,455413.10728399997,40873.3988
232,commercial,usage,72186143.1,16559271.343832007
232,industrial,kwh.per.m2,127.40152246884405,1324.071398055116
232,industrial,m2,193574.455957,179118.38426666666
232,industrial,usage,24661680.4,237165529.47333884
232,res_total,kwh.per.m2,74.45361178584548,108.26565708847427
232,res_total,m2,1459151.24054,1232696.8360933731
232,res_total,usage,108639080,133458732.9505323
233,commercial,kwh.per.m2,198.3072774108886,114.44896053790094
233,commercial,m2,257444.989748,25232.8477
233,commercial,usage,51053215,2887873.1906761643
233,institutional,kwh.per.m2,349.5306221762256,2052.420392602862
233,institutional,m2,56497.101389999996,30883.5831
233,institutional,usage,19747467,63386095.75108512
233,res_total,kwh.per.m2,66.68612221726312,176.91463177414587
233,res_total,m2,1006275.0354769999,709426.9252196689
233,res_total,usage,67104580,125508003.24590224
235,commercial,kwh.per.m2,199.43072288295699,623.0251832106546
235,commercial,m2,316132.279363,28602.1449
235,commercial,usage,63046489,17819856.56654019
235,industrial,kwh.per.m2,73.85420166033633,356.90276381429607
235,industrial,m2,1003344.689051,695008.3882166666
235,industrial,usage,74101221,248050414.62864757
235,res_total,kwh.per.m2,55.645273691365155,163.5974339936661
235,res_total,m2,1750135.421027,1510776.1323360577
235,res_total,usage,97386764.5,247159098.58905435
236,commercial,kwh.per.m2,185.2426034764026,560.3240084772085
236,commercial,m2,235274.246216,113994.6172
236,commercial,usage,43582813.9,63873920.85432893
236,res_total,kwh.per.m2,54.00986156936683,119.41826810687014
236,res_total,m2,901557.746773,880040.5295482582
236,res_total,usage,48693009.1,105092915.90250587
237,commercial,kwh.per.m2,131.23350382295007,926.2831562018707
237,commercial,m2,349189.303532,90188.94575
237,commercial,usage,45825335.8,83540501.3238293
237,institutional,kwh.per.m2,233.94696814245106,1081.2546502646135
237,institutional,m2,64039.89596,53858.44985
237,institutional,usage,14981939.5,58234699.35635597
237,res_total,kwh.per.m2,45.78908056923207,153.62044852453988
237,res_total,m2,860416.396447,665563.1647571429
237,res_total,usage,39397675.7,102244111.89140452
238,res_total,kwh.per.m2,62.97531272849238,102.48713558866297
238,res_total,m2,542133.226828,481300.5297869974
238,res_total,usage,34141009.5,49327112.65517532
239,commercial,kwh.per.m2,182.19920002701556,357.95394941434046
239,commercial,m2,277994.761736,228556.48179999998
239,commercial,usage,50650423.2,81812695.32455681
239,res_total,kwh.per.m2,133.591414300057,66.29843064135359
239,res_total,m2,296573.503676,244298.5090955425
239,res_total,usage,39619673.8,16196607.761056915
240,commercial,kwh.per.m2,141.94892367094317,341.700029730182
240,commercial,m2,1099766.20437,198457.99237727272
240,commercial,usage,156110629,67813101.89550632
240,industrial,kwh.per.m2,101.25815396329266,640.7791718633712
240,industrial,m2,1627999.470144,1440969.7851588235
240,industrial,usage,164848221,923343425.6142107
240,res_total,kwh.per.m2,60.864886885358224,154.34277809011522
240,res_total,m2,4165027.388903,3207037.378139035
240,res_total,usage,253503920.9,494983058.38081795
241,commercial,kwh.per.m2,157.7503176374586,80.41461811029689
241,commercial,m2,153612.137604,2834.6576999999997
241,commercial,usage,24232363.5,227947.9164189125
241,res_total,kwh.per.m2,49.51854627708241,86.62944849167889
241,res_total,m2,1780367.172063,1525845.3998515406
241,res_total,usage,88161194.2,132183145.47270422
243,res_total,kwh.per.m2,47.185483626940226,65.24149174026437
243,res_total,m2,192734.148322,65150.0268
243,res_total,usage,9094254,4250484.935350202
244,industrial,kwh.per.m2,82.17705835668976,260.1407903443392
244,industrial,m2,1896096.624969,1641932.01875
244,industrial,usage,155815643,427133493.04930145
244,res_total,kwh.per.m2,1368.848162117191,18.045361962214383
244,res_total,m2,4396.077057,1982.3930999999998
244,res_total,usage,6017562,35773.00104089625
245,commercial,kwh.per.m2,205.5814213526683,452.1486742147219
245,commercial,m2,105000.735757,10541.577831249999
245,commercial,usage,21586200.5,4766360.44053099
245,res_total,kwh.per.m2,40.46200335610694,84.08354905811714
245,res_total,m2,3061961.455779,2154104.4599006716
245,res_total,usage,123893094.7,181124748.03036705
246,commercial,kwh.per.m2,182.8430507345512,1098.5160816074779
246,commercial,m2,144676.355452,12521.6194
246,commercial,usage,26453066.2,13755200.278668178
246,res_total,kwh.per.m2,45.05196837835127,131.73035131326952
246,res_total,m2,223722.873002,209769.2219
246,res_total,usage,10079155.8,27632973.29559819
247,commercial,kwh.per.m2,166.29815639541002,316.60394138246676
247,commercial,m2,674544.435317,161056.2708
247,commercial,usage,112175496,50991050.11964189
247,institutional,kwh.per.m2,241.81258625641928,292.29237855056874
247,institutional,m2,65715.958983,28982.4775
247,institutional,usage,15890946,8471357.284763342
247,res_total,kwh.per.m2,53.35426782236098,127.25790595184932
247,res_total,m2,2796516.681604,2269158.599529816
247,res_total,usage,149206100,288768371.6487954
248,commercial,kwh.per.m2,151.93521458874324,497.31903923318254
248,commercial,m2,392008.85365,46158.6656
248,commercial,usage,59559949.3,22955583.228477754
248,res_total,kwh.per.m2,71.90339925277964,125.69321802407137
248,res_total,m2,1998697.676236,1623679.360132804
248,res_total,usage,143713157,204085483.81435722
250,res_total,kwh.per.m2,51.9237453566605,59.82881934866012
250,res_total,m2,351861.472521,115539.63709999999
250,res_total,usage,18269965.5,6912600.075665648
251,commercial,kwh.per.m2,247.02872448245554,278.1596092779872
251,commercial,m2,109518.980259,19276.6571
251,commercial,usage,27054334,5361987.407121738
251,res_total,kwh.per.m2,45.54806667234312,78.01184263929981
251,res_total,m2,652603.62671,365585.06100844155
251,res_total,usage,29724833.5,28519964.250669364
252,commercial,kwh.per.m2,159.79616500391396,507.6518939041371
252,commercial,m2,409127.903654,61215.29375
252,commercial,usage,65377070,31076059.808085587
252,industrial,kwh.per.m2,378.57811175519413,1781.8505768621649
252,industrial,m2,113883.934811,82806.36855
252,industrial,usage,43113965,147548575.56867853
252,institutional,kwh.per.m2,184.8968478477151,1500.4476286291924
252,institutional,m2,101578.189237,41646.2339
252,institutional,usage,18781487,62487992.89659168
252,res_total,kwh.per.m2,55.84212253978934,174.90885657382054
252,res_total,m2,1493376.70574,1070888.5118541666
252,res_total,usage,83393325,187307885.12645257
253,commercial,kwh.per.m2,122.59540435964502,190.4845036633239
253,commercial,m2,414393.274082,19153.1001
253,commercial,usage,50802711,3648368.7661624593
253,res_total,kwh.per.m2,42.697841783411015,102.06727504459305
253,res_total,m2,2260543.202385,1718148.129134324
253,res_total,usage,96520316,175366697.663706
254,commercial,kwh.per.m2,197.35596590087013,254.6177001761593
254,commercial,m2,361062.214029,105981.01896190476
254,commercial,usage,71257782,26984643.31040612
254,res_total,kwh.per.m2,56.299645043858256,109.75826856588797
254,res_total,m2,1713930.936121,1180515.1750286508
254,res_total,usage,96493703.3333,129571301.6269009
255,commercial,kwh.per.m2,191.19510264060492,339.198236880315
255,commercial,m2,191654.801268,17386.3279
255,commercial,usage,36643459.4,5897411.76950303
255,res_total,kwh.per.m2,64.6004241650817,186.12677498435835
255,res_total,m2,570395.712973,474601.0879820346
255,res_total,usage,36847805,88335969.91016382
256,commercial,kwh.per.m2,178.41079561228815,228.79937053716634
256,commercial,m2,352256.217368,94028.36412102838
256,commercial,usage,62846312,21513630.52353077
256,res_total,kwh.per.m2,50.50346114722245,141.13101657340962
256,res_total,m2,1379033.365594,1077570.1969509304
256,res_total,usage,69645958,152078577.32489404
257,commercial,kwh.per.m2,130.9691806329815,155.89538330509575
257,commercial,m2,59023.970087,26925.9502
257,commercial,usage,7730321,4197631.32728292
257,res_total,kwh.per.m2,42.19425825642052,78.46194782689167
257,res_total,m2,1202725.396702,871628.2115
257,res_total,usage,50748106,68389647.2551599
258,res_total,kwh.per.m2,47.507641101239976,122.48841412353237
258,res_total,m2,120165.38535,105380.49389714285
258,res_total,usage,5708774,12907889.577015609
259,commercial,kwh.per.m2,155.38290501466267,448.2114798435106
259,commercial,m2,533916.606799,110179.0284
259,commercial,usage,82961513.4,49383505.36688418
259,res_total,kwh.per.m2,52.65752114214417,164.55456886074694
259,res_total,m2,2783140.786373,2286862.377534649
259,res_total,usage,146553294.8,376313652.5790768
260,commercial,kwh.per.m2,205.08633704762835,215.1841139305095
260,commercial,m2,1599150.766069,259621.3411861111
260,commercial,usage,327963973,55866388.26058381
260,industrial,kwh.per.m2,240.7610814135489,625.7293519041577
260,industrial,m2,1087136.04152,1004648.3278070518
260,industrial,usage,261740049,628637947.0503024
260,institutional,kwh.per.m2,297.81518645772485,540.7520993196907
260,institutional,m2,204308.654383,103226.4853
260,institutional,usage,60846220,55819938.63136819
260,res_total,kwh.per.m2,74.17474645419746,93.00620365879189
260,res_total,m2,6929031.086306,5676858.480787424
260,res_total,usage,513959124,527983056.0062551
261,commercial,kwh.per.m2,200.23373608590708,47.969790679910574
261,commercial,m2,342974.557347,49237
261,commercial,usage,68675077,2361888.583706757
261,res_total,kwh.per.m2,59.65000674967753,145.15452995378013
261,res_total,m2,507581.300486,441904.1641115196
261,res_total,usage,30277228,64144391.226225734
262,commercial,kwh.per.m2,206.9941866927003,466.97526651787234
262,commercial,m2,2201368.543632,1052020.17735
262,commercial,usage,455670491.3,491267402.7001956
262,institutional,kwh.per.m2,285.179032494066,752.7188130242922
262,institutional,m2,143055.012296,225765.4871
262,institutional,usage,40796290,169937929.47176316
262,res_total,kwh.per.m2,56.5650177153826,99.31565430325652
262,res_total,m2,4273456.709875,3575628.8948935075
262,res_total,usage,241728154.5,355115923.24197876
263,commercial,kwh.per.m2,171.84829614454654,439.75519588973475
263,commercial,m2,1098851.481432,528418.0799
263,commercial,usage,188835754.8,232374596.23810202
263,industrial,kwh.per.m2,127.68953445917955,1768.9787354014104
263,industrial,m2,118115.573558,236814.0841
263,industrial,usage,15082122.6,418919079.01646125
263,res_total,kwh.per.m2,58.578802765066314,98.4438718024067
263,res_total,m2,1422386.550544,1390244.6096428605
263,res_total,usage,83321701.2,136861062.1256687
264,res_total,kwh.per.m2,59.11909346006689,142.66508280784424
264,res_total,m2,15554.470581,15289.853599999999
264,res_total,usage,919566.2,2181328.2299638153
265,industrial,kwh.per.m2,81.76547352047868,658.97983622345
265,industrial,m2,228977.187973,127091.4734
265,industrial,usage,18722428.2,83750718.32652895
265,res_total,kwh.per.m2,73.17314593743262,113.65749911576731
265,res_total,m2,670912.857047,311347.76897202944
265,res_total,usage,49092804.4,35387008.77663456
266,commercial,kwh.per.m2,169.96093882794668,473.82090932885035
266,commercial,m2,921583.174229,325238.02275
266,commercial,usage,156633141.5,154104575.68772233
266,institutional,kwh.per.m2,351.10984998587134,718.636721471704
266,institutional,m2,68974.624611,54770.9601
266,institutional,usage,24217670.1,39360423.19812151
266,res_total,kwh.per.m2,67.34946654236302,80.8232091764383
266,res_total,m2,3855179.254266,3104126.7004592726
266,res_total,usage,259644266.2,250885481.621387
267,commercial,kwh.per.m2,159.11576825346296,518.6285319906966
267,commercial,m2,34625.041003,10333.499249999999
267,commercial,usage,5509390,5359247.546354464
267,res_total,kwh.per.m2,53.99518412130173,121.83621993358955
267,res_total,m2,662375.442959,473402.6941490476
267,res_total,usage,35765084,57677594.76149719
268,commercial,kwh.per.m2,156.1833681140278,294.8812011346131
268,commercial,m2,270957.17368,24224.83625
268,commercial,usage,42319004,7143448.810689317
268,res_total,kwh.per.m2,73.22235193405605,141.91428963304529
268,res_total,m2,352049.972708,303301.03879066097
268,res_total,usage,25777927,43042751.46494136
269,commercial,kwh.per.m2,183.89891110429673,310.70796045129646
269,commercial,m2,129503.06588,19260.957
269,commercial,usage,23815472.8,5984532.665810121
269,res_total,kwh.per.m2,48.59235243709215,182.46578392695196
269,res_total,m2,1362345.942928,949307.1596595467
269,res_total,usage,66199594.2,173216075.07474732
271,res_total,kwh.per.m2,62.79918995540858,82.25554044477249
271,res_total,m2,367714.997859,119858.46519999999
271,res_total,usage,23092204,9859022.831906956
272,commercial,kwh.per.m2,177.94977356720892,349.81024772746264
272,commercial,m2,125938.935188,15970.57835
272,commercial,usage,22410805,5586671.968964351
272,industrial,kwh.per.m2,98.79757241669286,2453.0055125509666
272,industrial,m2,1063569.523316,841303.9625900649
272,industrial,usage,105078087,2063723257.9644012
272,res_total,kwh.per.m2,64.49439512061123,178.83803768990734
272,res_total,m2,422566.787119,297807.462975
272,res_total,usage,27253189.3333,53259302.28785873
273,commercial,kwh.per.m2,218.9934984279471,746.3953337797946
273,commercial,m2,385565.380279,40341.825
273,commercial,usage,84436311.5,30110949.93616106
273,industrial,kwh.per.m2,205.43726021998668,1195.07522160479
273,industrial,m2,792228.195731,641837.669325
273,industrial,usage,162753190,767044294.9028763
273,institutional,kwh.per.m2,138.43687488209733,366.19583732025666
273,institutional,m2,173313.519396,37187.5913
273,institutional,usage,23992982,13617941.134026991
273,res_total,kwh.per.m2,49.30544374628681,221.25008430123737
273,res_total,m2,2073674.484968,1458171.8843042965
273,res_total,usage,102243440.6667,322620652.32801974
274,commercial,kwh.per.m2,132.78140056032078,754.8395511075124
274,commercial,m2,105100.792288,16276.5445
274,commercial,usage,13955430.4,12286179.54396145
274,res_total,kwh.per.m2,44.36377268161506,276.33831282388155
274,res_total,m2,623255.197398,505213.5055133333
274,res_total,usage,27649951.9,139609847.7293933
275,commercial,kwh.per.m2,199.0108915948068,391.2251870841191
275,commercial,m2,162228.983757,43989.822199999995
275,commercial,usage,32285334.7,17209926.419992134
275,industrial,kwh.per.m2,118.22141198772508,2669.501298248971
275,industrial,m2,18337.101237,15381.8246
275,industrial,usage,2167838,41061800.73913796
275,res_total,kwh.per.m2,47.646337709976144,125.97270368876016
275,res_total,m2,1316177.425466,933964.8768907464
275,res_total,usage,62711034.1,117654080.69226736
276,res_total,kwh.per.m2,54.07923107824059,139.60598854501978
276,res_total,m2,283521.468303,232470.56789873017
276,res_total,usage,15332623,32454283.439124368
277,industrial,kwh.per.m2,20.595478689885006,621.7876223013744
277,industrial,m2,103346.22623,72890.82639999999
277,industrial,usage,2128465,45322613.634838246
277,res_total,kwh.per.m2,71.64548908459047,176.0857601499563
277,res_total,m2,358302.809123,340695.4215
277,res_total,usage,25670780,59991612.274437256
278,commercial,kwh.per.m2,210.66081524013916,568.3411162306107
278,commercial,m2,84748.717884,9016.3166
278,commercial,usage,17853234,5124343.440732585
278,res_total,kwh.per.m2,57.3678107670203,158.58917663099257
278,res_total,m2,1655009.252237,1318806.0908699213
278,res_total,usage,94944257.6,209148372.08699876
279,res_total,kwh.per.m2,54.74873105235638,50.73105444037972
279,res_total,m2,1127720.995779,923763.4904524871
279,res_total,usage,61741293.5,46863495.92418032
280,commercial,kwh.per.m2,166.25841997891663,298.9395943013572
280,commercial,m2,518497.031374,231861.4922
280,commercial,usage,86204497.2,69312580.4123753
280,res_total,kwh.per.m2,66.00274792271769,80.4031720478703
280,res_total,m2,2424459.211719,1829379.1623450161
280,res_total,usage,160020970.2,147087887.53081518
281,commercial,kwh.per.m2,93.68415088763543,203.04794888698711
281,commercial,m2,126413.948227,2381.1199
281,commercial,usage,11842983.4,483481.5117489879
281,res_total,kwh.per.m2,64.89939093302618,147.01745816410772
281,res_total,m2,615443.541546,532759.2977997578
281,res_total,usage,39941911,78324917.7758153
282,commercial,kwh.per.m2,175.42624163011362,730.255285281959
282,commercial,m2,339121.77703399997,27545.4074
282,commercial,usage,59490858.8,20115179.339094784
282,industrial,kwh.per.m2,118.96976180075654,1625.2604291356731
282,industrial,m2,1233693.032401,809380.0990819872
282,industrial,usage,146772166.2,1315453447.167864
282,res_total,kwh.per.m2,63.340200406138045,136.6302351721742
282,res_total,m2,1932222.885549,1544120.8021297837
282,res_total,usage,122387384.8,210973588.3292386
283,res_total,kwh.per.m2,60.01695404498455,182.9808056805272
283,res_total,m2,389984.311474,22156.9287
283,res_total,usage,23405670.5,4054292.6649319963
284,commercial,kwh.per.m2,206.00470465429967,401.74738127389134
284,commercial,m2,205368.491807,19326.823099999998
284,commercial,usage,42306875.5,7764500.56876875
284,industrial,kwh.per.m2,235.8073869729185,595.0218515274939
284,industrial,m2,648132.855641,584024.72195
284,industrial,usage,152834515.1,347507471.3925189
284,res_total,kwh.per.m2,72.79725773624682,124.62295942798958
284,res_total,m2,2001785.957762,1548719.5787629106
284,res_total,usage,145724528.3,193006017.22950333
285,commercial,kwh.per.m2,171.32204417181214,462.56568607772385
285,commercial,m2,348366.275855,67409.91219999999
285,commercial,usage,59682822.5,31181512.285232123
285,industrial,kwh.per.m2,103.05325934235417,1046.7590649450635
285,industrial,m2,48083.80571,62068.7196
285,industrial,usage,4955192.9,64970994.89083334
285,res_total,kwh.per.m2,64.0853972446154,73.35334166816298
285,res_total,m2,2231118.406807,1450157.3330565074
285,res_total,usage,142982109.4,106373886.32428601
286,commercial,kwh.per.m2,161.7147714565007,249.7062674242209
286,commercial,m2,173867.407082,11409.1419
286,commercial,usage,28116928,2848934.238362284
286,res_total,kwh.per.m2,50.6791992737377,135.39841827625625
286,res_total,m2,1418683.344061,1123332.401697919
286,res_total,usage,71897735.9,152097430.38836634
287,res_total,kwh.per.m2,70.07045877046738,86.55760378859854
287,res_total,m2,549453.240004,479105.90556204686
287,res_total,usage,38500440.6,41470259.146417364
288,res_total,kwh.per.m2,72.21585373930328,101.92738695887559
288,res_total,m2,462741.853342,236782.73622734693
288,res_total,usage,33417298,24134645.58062616
289,commercial,kwh.per.m2,169.88802169763824,305.3249103221013
289,commercial,m2,2584108.279166,562903.7915406162
289,commercial,usage,439009043.4,171868549.67210943
289,res_total,kwh.per.m2,46.087486651332654,120.69404331556805
289,res_total,m2,6190777.582612,5372789.853797767
289,res_total,usage,285317379.2,648463731.3397123
290,commercial,kwh.per.m2,166.28792830263004,956.6905138487833
290,commercial,m2,124178.887853,18813.829299999998
290,commercial,usage,20649450,17999012.020480294
290,res_total,kwh.per.m2,58.0780843210551,144.46813295675466
290,res_total,m2,1105286.129018,851027.5775583758
290,res_total,usage,64192901,122946365.22456828
291,res_total,kwh.per.m2,65.69452866232156,77.88872590275733
291,res_total,m2,91956.411333,12793.259
291,res_total,usage,6041033.1,996450.6436539834
293,res_total,kwh.per.m2,71.34601583605513,61.7916194310456
293,res_total,m2,535725.1494999999,160115.24025
293,res_total,usage,38221855,9893779.990638435
294,industrial,kwh.per.m2,122.31928981346643,151.8652747719619
294,industrial,m2,602546.189668,610189.54245
294,industrial,usage,73703022,92666602.52714695
294,res_total,kwh.per.m2,62.41534923927735,49.81975080518373
294,res_total,m2,131377.291002,47922.73042857143
294,res_total,usage,8199959.5,2387498.487855424
296,res_total,kwh.per.m2,58.58925475368646,141.1146127587749
296,res_total,m2,561003.962897,492649.2247129629
296,res_total,usage,32868804.1,69520004.57128045
297,res_total,kwh.per.m2,58.65001683649486,164.99398283377707
297,res_total,m2,604225.504296,469644.3558639535
297,res_total,usage,35437836,77488492.78939743
298,commercial,kwh.per.m2,156.89216315303904,449.6826074213475
298,commercial,m2,303890.172344,17378.6172
298,commercial,usage,47677986.5,7814861.895873478
298,industrial,kwh.per.m2,97.06611944652848,1777.7745239965989
298,industrial,m2,284629.429481,219819.05099999998
298,industrial,usage,27627874.2,390788708.7569091
298,res_total,kwh.per.m2,61.411976354457764,110.09090310026944
298,res_total,m2,2148050.489999,1906102.351462472
298,res_total,usage,131916025.9,209844529.27405074
299,commercial,kwh.per.m2,215.76421463605598,887.9388710340876
299,commercial,m2,124109.303506,37796.4579
299,commercial,usage,26778346.4,33560944.15681342
299,institutional,kwh.per.m2,191.6411450171136,1132.6170215963116
299,institutional,m2,40573.341384,36801.0344
299,institutional,usage,7775521.6,41681477.973791406
299,res_total,kwh.per.m2,64.59126125971898,85.85752181307208
299,res_total,m2,1292261.127467,1091738.1386018929
299,res_total,usage,83468776.1,93733931.04917473
300,res_total,kwh.per.m2,56.59422130784629,123.58209989170687
300,res_total,m2,81886.840969,62004.432799999995
300,res_total,usage,4634322,7662638.008018225
301,commercial,kwh.per.m2,155.66654476571068,411.79856234290946
301,commercial,m2,1090659.666504,192402.35655
301,commercial,usage,169779221.8,79231013.81867787
301,industrial,kwh.per.m2,97.0451530485719,1735.3010122519654
301,industrial,m2,1225915.47195,1032160.9598333333
301,industrial,usage,118969154.6,1791109958.4057434
301,res_total,kwh.per.m2,66.89149709755425,101.35577646345358
301,res_total,m2,2966184.68728,2539791.155574501
301,res_total,usage,198412534.4,257422504.6282656
302,commercial,kwh.per.m2,163.08905537556353,457.48800926564627
302,commercial,m2,315747.010622,66793.05619999999
302,commercial,usage,51494881.7,30557022.313706428
302,industrial,kwh.per.m2,98.15407531629862,2562.981949304913
302,industrial,m2,47314.290161,44543.5991
302,industrial,usage,4644090.4,114164440.45037457
302,res_total,kwh.per.m2,59.14076691012774,148.79847146313853
302,res_total,m2,1785378.824398,1632199.765493803
302,res_total,usage,105588672.9,242868830.22797102
303,commercial,kwh.per.m2,196.29976145572581,431.54223997230514
303,commercial,m2,66874.645199,8113.9789
303,commercial,usage,13127476.9,3501524.6295940205
303,res_total,kwh.per.m2,44.39502381698985,208.93376528743678
303,res_total,m2,547233.322819,378238.7269
303,res_total,usage,24294436.4,79026841.3887435
304,commercial,kwh.per.m2,157.91016330775452,614.5598136979448
304,commercial,m2,111468.828423,16337.9514
304,commercial,usage,17602060.9,10040648.368590077
304,res_total,kwh.per.m2,45.88118418874882,268.5469955187002
304,res_total,m2,608703.521799,533698.401263782
304,res_total,usage,27928038.4,143323102.17252234
305,commercial,kwh.per.m2,100.38916276274372,722.8795850267828
305,commercial,m2,208153.537941,10577.7798
305,commercial,usage,20896359.4,7646461.072328686
305,res_total,kwh.per.m2,43.43596892956377,220.0161459457082
305,res_total,m2,1241721.709661,1183072.83243
305,res_total,usage,53935385.6,260295124.96432123
306,commercial,kwh.per.m2,172.04734838664277,1337.4621902254553
306,commercial,m2,62560.601491,10160.9375
306,commercial,usage,10763385.6,13589869.723493962
306,res_total,kwh.per.m2,46.48801332558674,214.38264945083245
306,res_total,m2,599796.911189,486163.30455
306,res_total,usage,27883366.8,104224977.29520094
309,commercial,kwh.per.m2,184.44270373622004,503.28595098773815
309,commercial,m2,32879.765245,5889.7671
309,commercial,usage,6064432.8,2964237.036019793
309,res_total,kwh.per.m2,36.47899650177913,114.2209777567777
309,res_total,m2,796802.274936,620876.5515363637
309,res_total,usage,29066547.4,70917126.78273983
311,commercial,kwh.per.m2,127.09507582707081,106.22600971605621
311,commercial,m2,186349.296744,4654.527411111111
311,commercial,usage,23684078,494431.87399633887
311,res_total,kwh.per.m2,39.64252448664061,84.12648799170786
311,res_total,m2,1684036.608781,1302791.7039461539
311,res_total,usage,66759462.5,109599290.63772275
312,commercial,kwh.per.m2,120.45966442121036,283.05549921152755
312,commercial,m2,50746.40569,6591.905299999999
312,commercial,usage,6112895,1865875.0454466143
312,res_total,kwh.per.m2,45.21110459691398,226.08972396977848
312,res_total,m2,334563.026824,300089.80695
312,res_total,usage,15125964,67847221.61946961
313,institutional,kwh.per.m2,247.97755536327145,1005.9844545507867
313,institutional,m2,51335.039098,23984.6433
313,institutional,usage,12729937.5,24128178.30774568
313,res_total,kwh.per.m2,53.87724859807504,196.87608612243326
313,res_total,m2,682254.54819,556437.32375
313,res_total,usage,36757997.9,109549202.47234127
314,res_total,kwh.per.m2,41.94362914222437,232.07555359089926
314,res_total,m2,622072.820917,520613.31865
314,res_total,usage,26091991.7,120821624.13249399
315,commercial,kwh.per.m2,154.56410912289104,402.78419947563026
315,commercial,m2,148204.904295,22297.1148
315,commercial,usage,22907159,8980925.535334228
315,res_total,kwh.per.m2,65.63148916035763,135.42734338606726
315,res_total,m2,576451.96664,531457.3276764281
315,res_total,usage,37833401,71973854.0102773
316,commercial,kwh.per.m2,110.73384621480386,240.4542074560507
316,commercial,m2,1815488.222183,876409.7744999999
316,commercial,usage,201035993.6,210736417.7341336
316,institutional,kwh.per.m2,143.1486935350586,408.39854902922036
316,institutional,m2,63920.422701999996,77981.189
316,institutional,usage,9150125,31847404.4391734
316,res_total,kwh.per.m2,46.58615621839291,122.11729409634893
316,res_total,m2,1909542.476159,1652282.3864000165
316,res_total,usage,88958244.1,201772254.11022806
317,commercial,kwh.per.m2,117.61114912287049,245.8084629704752
317,commercial,m2,51264.247012,1152.4244999999999
317,commercial,usage,6029247,283275.6950345184
317,industrial,kwh.per.m2,92.64743758369622,636.8291064108497
317,industrial,m2,842749.961967,705286.6738999999
317,industrial,usage,78078624.5,449147082.3032173
317,res_total,kwh.per.m2,48.52953262890657,164.22190626844917
317,res_total,m2,168467.791819,141980.6493
317,res_total,usage,8175663.2,23316332.881278154
318,commercial,kwh.per.m2,155.0633008375455,344.5528750710521
318,commercial,m2,1070864.731391,115558.63749595959
318,commercial,usage,166051820,39816060.788526356
318,res_total,kwh.per.m2,56.11781513587219,126.10898222234447
318,res_total,m2,4163400.471567,3215901.506907895
318,res_total,usage,233640938,405554065.96345854
319,res_total,kwh.per.m2,55.176043009548444,110.98663983486868
319,res_total,m2,2407510.824526,2064715.47696875
319,res_total,usage,132836920.8,229155833.00380975
320,commercial,kwh.per.m2,234.72002772006545,545.4348321872902
320,commercial,m2,697732.095087,310492.4238
320,commercial,usage,163771696.7,169353383.07077798
320,industrial,kwh.per.m2,132.4429809195306,3260.5365472403005
320,industrial,m2,22105.33982,23096.5193
320,industrial,usage,2927697.1,75307045.29169096
320,res_total,kwh.per.m2,81.7789034686522,106.6633842137361
320,res_total,m2,1608745.602103,1384019.973317658
320,res_total,usage,131561451.3,147624254.17346615
321,commercial,kwh.per.m2,118.15678131208081,411.64141353969046
321,commercial,m2,1645823.468112,701485.05726
321,commercial,usage,194465203.6,288760300.5474771
321,res_total,kwh.per.m2,59.00192800661358,68.05684302737829
321,res_total,m2,2525857.91236,2203123.9660564284
321,res_total,usage,149030486.7,149937661.92775744
322,industrial,kwh.per.m2,62.5556995759036,1071.8586998122362
322,industrial,m2,153878.304699,84982.97456470587
322,industrial,usage,9625965,91089740.62310198
322,res_total,kwh.per.m2,77.60295001644747,76.14976070393642
322,res_total,m2,449574.33954,398877.62502683816
322,res_total,usage,34888295,30374435.695948206
323,commercial,kwh.per.m2,252.64416117603386,373.2883168807737
323,commercial,m2,162719.883209,63404.8074
323,commercial,usage,41110228.4,23668273.836495627
323,res_total,kwh.per.m2,63.756576472304,93.8190548532401
323,res_total,m2,667984.833196,649340.8715044907
323,res_total,usage,42588426.1,60920546.84213055
324,commercial,kwh.per.m2,139.505446301348,1376.3453528058772
324,commercial,m2,50496.961135,4699.9039
324,commercial,usage,7044601.1,6468690.891399219
324,res_total,kwh.per.m2,45.087397622200974,221.74589638556893
324,res_total,m2,860653.392,619168.8384
324,res_total,usage,38804621.7,137298149.08501947
325,institutional,kwh.per.m2,324.9466331108767,486.4202160579026
325,institutional,m2,16373.596332,8923.8811
325,institutional,usage,5320545,4340756.172737034
325,res_total,kwh.per.m2,57.52864946297943,168.59537016048512
325,res_total,m2,587774.705571,584926.1771
325,res_total,usage,33813885,98615845.34473197
326,res_total,kwh.per.m2,43.27687761261203,84.85588462697098
326,res_total,m2,26182.387975,17823.6082
326,res_total,usage,1133092,1512438.0410555338
327,commercial,kwh.per.m2,158.34780985115066,1059.6882096459833
327,commercial,m2,60145.309297,4312.510899999999
327,commercial,usage,9523878,4569916.954699787
327,institutional,kwh.per.m2,138.03674350869318,2308.115417927165
327,institutional,m2,28697.272185,6486.3709
327,institutional,usage,3961278,14971292.680684099
327,res_total,kwh.per.m2,58.16240046667873,173.9450501327027
327,res_total,m2,738421.84393,627585.9046106103
327,res_total,usage,42948387,109165461.64007019
328,commercial,kwh.per.m2,171.49279132860104,470.4078802862688
328,commercial,m2,771302.724011,404293.27509999997
328,commercial,usage,132272857.1,190182742.5537843
328,res_total,kwh.per.m2,97.28122751008904,64.03989822481347
328,res_total,m2,1897784.207964,1677255.41153475
328,res_total,usage,184618777.3,107411265.85170302
329,commercial,kwh.per.m2,173.69490166056363,519.629689241157
329,commercial,m2,695220.555385,104918.70525
329,commercial,usage,120756266,54518874.20464206
329,res_total,kwh.per.m2,53.8988817630807,146.54432505522
329,res_total,m2,3497522.585508,2705351.757104293
329,res_total,usage,188512556.3,396453947.2818021
331,commercial,kwh.per.m2,220.64699335746775,570.3827536785066
331,commercial,m2,73470.47949,6415.7669
331,commercial,usage,16211040.4,3659442.7913814154
331,industrial,kwh.per.m2,95.69571742253501,861.8639610735224
331,industrial,m2,489957.322677,380265.07718333334
331,industrial,usage,46886817.5,327736765.6791564
331,res_total,kwh.per.m2,52.2223802014372,194.07291565124095
331,res_total,m2,851387.24678,609323.9312166666
331,res_total,usage,44461468.5,118253271.90729468
332,commercial,kwh.per.m2,122.32269572740303,416.77144699606737
332,commercial,m2,276427.023611,34158.4939
332,commercial,usage,33813298.7,14236284.929909341
332,industrial,kwh.per.m2,249.44922376671485,959.311552685024
332,industrial,m2,679754.807169,394547.8793
332,industrial,usage,169564309,378494338.6998664
332,institutional,kwh.per.m2,300.3539862536222,1057.4650602701138
332,institutional,m2,85275.106282,15423.258
332,institutional,usage,25612718.1,16309556.450531514
332,res_total,kwh.per.m2,45.19249467854754,196.54013727234403
332,res_total,m2,1142512.361118,891643.6016583333
332,res_total,usage,51632983.8,175243755.86793607
333,res_total,kwh.per.m2,49.85514150888209,73.58224571051159
333,res_total,m2,425989.891057,382941.70210188924
333,res_total,usage,21237786.3,28177710.416862745
334,commercial,kwh.per.m2,201.34037523320117,602.6389037504448
334,commercial,m2,136199.885732,18088.2803
334,commercial,usage,27422536.1,10900701.410722766
334,institutional,kwh.per.m2,174.6228892872466,1753.6101848475266
334,institutional,m2,37423.000654,11991.9036
334,institutional,usage,6534912.5,21029124.28866972
334,res_total,kwh.per.m2,63.589934258284494,118.51294966997747
334,res_total,m2,1723804.1095429999,1577782.8415176012
334,res_total,usage,109616590,186987698.4869295
335,commercial,kwh.per.m2,134.90296175740002,367.81150560238774
335,commercial,m2,1811886.744485,584376.1435235294
335,commercial,usage,244428888.2,214940269.18750638
335,institutional,kwh.per.m2,190.18620780709549,512.0276140345525
335,institutional,m2,115823.09913,34896.027
335,institutional,usage,22027956,17867729.444095325
335,res_total,kwh.per.m2,64.68771066357415,83.64559958414227
335,res_total,m2,4221219.489744,2999974.813776324
335,res_total,usage,273061025,250934692.03564617
